"Class Code","Subject Code","Class Name","Subject Name","Class Suffix","Faculty Name","Faculty Code","BOS Class Code","BOS Code 2","BOS Code 3","ClassNameGuid","FacultyGuid"
"1ACC112","1ACC11","Accounting Unit 1 VCE2","Accounting Unit 1 VCE","2","HUMANITIES_ACCOUNTING","ACC","AC011","2","","{B941F8CB-3A93-4302-82E0-7B871635C30C}","{F149CC97-8F04-4341-AAD5-0A71A61C38F1}"
"1ACC125","1ACC12","Accounting Unit 3 VCE5","Accounting Unit 3 VCE","5","HUMANITIES_ACCOUNTING","ACC","AC033","5","","{7A89CA5F-8D97-4C97-84AE-BDAFFC769ECE}","{F149CC97-8F04-4341-AAD5-0A71A61C38F1}"
"1AFP107","1AFP10","Visual Arts Folio Preparation Year 10 Sem 1 Wed7","Visual Arts Folio Preparation Year 10 Sem 1 Wed","7","ARTS_VISUAL ARTS","ART","","","","{7D0B314A-7F28-488C-B837-DA5B53914961}","{FA553E4A-32C4-4874-AB53-EB753F4D03B6}"
"1AID096","1AID09","Architectual Drawing & Int. Design Year 9 Sem 16","Architectual Drawing & Int. Design Year 9 Sem 1","6","ARTS_VISUAL ARTS","ART","","","","{CAF82DC4-C888-4DD4-80CE-1E60DB137D71}","{FA553E4A-32C4-4874-AB53-EB753F4D03B6}"
"1AME113","1AME11","Art Making and Exhibiting Unit 1 VCE3","Art Making and Exhibiting Unit 1 VCE","3","ARTS_VISUAL ARTS","ART","SA011","3","","{B25CB783-2ACD-47D2-8314-8E89948C263F}","{FA553E4A-32C4-4874-AB53-EB753F4D03B6}"
"1AME123","1AME12","Art Making and Exhibiting Unit 3 VCE3","Art Making and Exhibiting Unit 3 VCE","3","ARTS_VISUAL ARTS","ART","SA033","3","","{B7F068C0-EA0E-4E27-BA36-146723E5D1BC}","{FA553E4A-32C4-4874-AB53-EB753F4D03B6}"
"1ART07B","1ART07","Art Year 7 Sem 1B","Art Year 7 Sem 1","B","ARTS_VISUAL ARTS","ART","","","","{D932FB13-0EF6-4928-9C69-CB2107D7D2C3}","{FA553E4A-32C4-4874-AB53-EB753F4D03B6}"
"1ART07D","1ART07","Art Year 7 Sem 1D","Art Year 7 Sem 1","D","ARTS_VISUAL ARTS","ART","","","","{AE0DEAA0-21C1-43CD-9A39-B019256B5DF2}","{FA553E4A-32C4-4874-AB53-EB753F4D03B6}"
"1ART08A","1ART08","Art Year 8 Sem 1A","Art Year 8 Sem 1","A","ARTS_VISUAL ARTS","ART","","","","{50E3966C-DE78-4175-8C83-FC8D0631098A}","{FA553E4A-32C4-4874-AB53-EB753F4D03B6}"
"1ART08C","1ART08","Art Year 8 Sem 1C","Art Year 8 Sem 1","C","ARTS_VISUAL ARTS","ART","","","","{FED80106-6CE6-4F69-8A56-796E5DE65C19}","{FA553E4A-32C4-4874-AB53-EB753F4D03B6}"
"1ART08E","1ART08","Art Year 8 Sem 1E","Art Year 8 Sem 1","E","ARTS_VISUAL ARTS","ART","","","","{400A74E0-54E0-44C0-8F3D-ADA87E83F265}","{FA553E4A-32C4-4874-AB53-EB753F4D03B6}"
"1BEN107A","1BEN10","Entrepreneurship - Mini Business Year 10 Sem 1 Wed7A","Entrepreneurship - Mini Business Year 10 Sem 1 Wed","7A","HUMANITIES_BUSINESS GENERAL","BUS","","","","{DB52B1F2-6CA3-4CEC-9A17-604FA57A66CA}","{012D23ED-F6CD-4466-B7C2-62D010D6CC6E}"
"1BEN107B","1BEN10","Entrepreneurship - Mini Business Year 10 Sem 1 Wed7B","Entrepreneurship - Mini Business Year 10 Sem 1 Wed","7B","HUMANITIES_BUSINESS GENERAL","BUS","","","","{63AF7290-B13C-4E35-9225-7BA4D7ABE684}","{012D23ED-F6CD-4466-B7C2-62D010D6CC6E}"
"1BIO111","1BIO11","Biology Unit 1 VCE1","Biology Unit 1 VCE","1","SCIENCE_BIOLOGY","BIO","BI011","1","","{1B900354-721F-4BA6-A5FB-2ACC1B9D6898}","{DA3E4D94-FA62-49AA-8069-F28B1DBDEE25}"
"1BIO112","1BIO11","Biology Unit 1 VCE2","Biology Unit 1 VCE","2","SCIENCE_BIOLOGY","BIO","BI011","2","","{FB77187F-0AA0-427E-BD63-6F75B3E66B94}","{DA3E4D94-FA62-49AA-8069-F28B1DBDEE25}"
"1BIO121","1BIO12","Biology Unit 3 VCE1","Biology Unit 3 VCE","1","SCIENCE_BIOLOGY","BIO","BI033","1","","{448D50BD-4F4B-49C5-AC14-FA4C397624CA}","{DA3E4D94-FA62-49AA-8069-F28B1DBDEE25}"
"1BIO123","1BIO12","Biology Unit 3 VCE3","Biology Unit 3 VCE","3","SCIENCE_BIOLOGY","BIO","BI033","3","","{142FD663-83D0-4329-A3F4-335E55EA5A85}","{DA3E4D94-FA62-49AA-8069-F28B1DBDEE25}"
"1BUS111","1BUS11","Business Management Unit 1 VCE1","Business Management Unit 1 VCE","1","HUMANITIES_BUSINESS GENERAL","BUS","BM011","1","","{5D068C1D-DDA4-492C-8EA6-3B52961A668B}","{012D23ED-F6CD-4466-B7C2-62D010D6CC6E}"
"1BUS114","1BUS11","Business Management Unit 1 VCE4","Business Management Unit 1 VCE","4","HUMANITIES_BUSINESS GENERAL","BUS","BM011","4","","{E62E4DB8-1364-49EF-B7F0-84E1D79769BF}","{012D23ED-F6CD-4466-B7C2-62D010D6CC6E}"
"1BUS121","1BUS12","Business Management Unit 3 VCE1","Business Management Unit 3 VCE","1","HUMANITIES_BUSINESS GENERAL","BUS","BM033","1","","{16EFF401-0B99-488F-BD33-4A4D3F1E7CF0}","{012D23ED-F6CD-4466-B7C2-62D010D6CC6E}"
"1BUS122","1BUS12","Business Management Unit 3 VCE2","Business Management Unit 3 VCE","2","HUMANITIES_BUSINESS GENERAL","BUS","BM033","2","","{32DFCD10-4578-4DD8-94F6-2B3C4808FFA1}","{012D23ED-F6CD-4466-B7C2-62D010D6CC6E}"
"1BUS123","1BUS12","Business Management Unit 3 VCE3","Business Management Unit 3 VCE","3","HUMANITIES_BUSINESS GENERAL","BUS","BM033","3","","{1DC4E960-BA22-41FC-A0A2-B698D086144A}","{012D23ED-F6CD-4466-B7C2-62D010D6CC6E}"
"1CGC101","1CGC10","Global Consumers and Citizens Year 10 Sem 11","Global Consumers and Citizens Year 10 Sem 1","1","HUMANITIES_BUSINESS GENERAL","BUS","","","","{12122A5F-0C67-453B-B4D9-05CB018EC97F}","{012D23ED-F6CD-4466-B7C2-62D010D6CC6E}"
"1CGC102","1CGC10","Global Consumers and Citizens Year 10 Sem 12","Global Consumers and Citizens Year 10 Sem 1","2","HUMANITIES_BUSINESS GENERAL","BUS","","","","{8A33CDC5-560A-4F91-ADF3-40E0DDE5BF02}","{012D23ED-F6CD-4466-B7C2-62D010D6CC6E}"
"1CGC104","1CGC10","Global Consumers and Citizens Year 10 Sem 14","Global Consumers and Citizens Year 10 Sem 1","4","HUMANITIES_BUSINESS GENERAL","BUS","","","","{1ED2638D-BE09-488C-9B49-DB1A8C252C6F}","{012D23ED-F6CD-4466-B7C2-62D010D6CC6E}"
"1CGC105","1CGC10","Global Consumers and Citizens Year 10 Sem 15","Global Consumers and Citizens Year 10 Sem 1","5","HUMANITIES_BUSINESS GENERAL","BUS","","","","{7FD22815-1DCE-45AF-B94C-CEBE8D932D96}","{012D23ED-F6CD-4466-B7C2-62D010D6CC6E}"
"1CHM114","1CHM11","Chemistry Unit 1 VCE4","Chemistry Unit 1 VCE","4","SCIENCE_CHEMISTRY","CHM","CH011","4","","{5A37D0E7-C79B-4A51-B19D-44AEEABED27A}","{74E0A03D-8B2C-4CB0-B590-6DAE2A8DF37A}"
"1CHM123","1CHM12","Chemistry Unit 3 VCE3","Chemistry Unit 3 VCE","3","SCIENCE_CHEMISTRY","CHM","CH033","3","","{1B9930E9-1438-4B0F-A75D-85088031D457}","{74E0A03D-8B2C-4CB0-B590-6DAE2A8DF37A}"
"1DED118","1DED11","Distance Education Year 11 Sem 18","Distance Education Year 11 Sem 1","8","PCR","PCR","","","","{58700E01-0714-4F66-BD69-F00818F4C6C3}","{FA72734B-1106-4897-80C6-A2FC310F8969}"
"1DED128","1DED12","Distance Education Year 12 Sem 18","Distance Education Year 12 Sem 1","8","PCR","PCR","","","","{641CD3E3-FB03-44A8-96B4-5E71736A5A02}","{FA72734B-1106-4897-80C6-A2FC310F8969}"
"1DIG07B","1DIG07","Digital Technology Year 7 Sem 1B","Digital Technology Year 7 Sem 1","B","TECHNOLOGY_COMPUTER TECH","ITT","","","","{5C812870-9E46-4DF2-9BD4-1CD71B05F204}","{6AE28751-96DA-4AFC-AA0D-FE6B0D9354FE}"
"1DIG07D","1DIG07","Digital Technology Year 7 Sem 1D","Digital Technology Year 7 Sem 1","D","TECHNOLOGY_COMPUTER TECH","ITT","","","","{AB779438-6A70-4CA1-9D00-9BBE7EBE2E3C}","{6AE28751-96DA-4AFC-AA0D-FE6B0D9354FE}"
"1DIG095","1DIG09","Digital Technology Year 9 Sem 15","Digital Technology Year 9 Sem 1","5","TECHNOLOGY_COMPUTER TECH","ITT","","","","{B1602D5E-C41F-4C62-B254-3360A5664F80}","{6AE28751-96DA-4AFC-AA0D-FE6B0D9354FE}"
"1DRA07A","1DRA07","Drama Year 7 Sem 1A","Drama Year 7 Sem 1","A","ARTS_DRAMA","DRA","","","","{58A71C55-48D9-4759-8A33-8A0671D8775D}","{A5750A80-A969-433D-BFAC-E1239583BD52}"
"1DRA07C","1DRA07","Drama Year 7 Sem 1C","Drama Year 7 Sem 1","C","ARTS_DRAMA","DRA","","","","{52C19D37-5935-4500-B9B8-548AC9516193}","{A5750A80-A969-433D-BFAC-E1239583BD52}"
"1DRA07E","1DRA07","Drama Year 7 Sem 1E","Drama Year 7 Sem 1","E","ARTS_DRAMA","DRA","","","","{24A9D39A-3898-4673-8465-817538DF8B61}","{A5750A80-A969-433D-BFAC-E1239583BD52}"
"1DRA08B","1DRA08","Drama Year 8 Sem 1B","Drama Year 8 Sem 1","B","ARTS_DRAMA","DRA","","","","{9EA91629-4C7C-4E48-94C4-F888C31A01A6}","{A5750A80-A969-433D-BFAC-E1239583BD52}"
"1DRA08D","1DRA08","Drama Year 8 Sem 1D","Drama Year 8 Sem 1","D","ARTS_DRAMA","DRA","","","","{894DFF1C-8DDF-4D86-BC33-215D2DD13D7E}","{A5750A80-A969-433D-BFAC-E1239583BD52}"
"1DTS111","1DTS11","Theatre Studies Unit 1 VCE1","Theatre Studies Unit 1 VCE","1","ARTS_DRAMA","DRA","TS011","1","","{41B6E179-277F-49C7-A475-5DE0A268C754}","{A5750A80-A969-433D-BFAC-E1239583BD52}"
"1DTS121","1DTS12","Theatre Studies Unit 3 VCE1","Theatre Studies Unit 3 VCE","1","ARTS_DRAMA","DRA","TS033","1","","{A2B5001A-4DFC-4078-AAFA-6D58F8BEFC37}","{A5750A80-A969-433D-BFAC-E1239583BD52}"
"1EAL07D","1EAL07","English as an Additional Lang. Year 7 Sem 1D","English as an Additional Lang. Year 7 Sem 1","D","EAL_ENGLISH","EAL","","","","{15DCE01D-D029-44E9-92A7-529136ECB686}","{32D06A35-4650-474D-9A45-F6627FEF07F7}"
"1EAL08D","1EAL08","English as an Additional Lang. Year 8 Sem 1D","English as an Additional Lang. Year 8 Sem 1","D","EAL_ENGLISH","EAL","","","","{9194638A-F313-4931-8987-972A3457F90D}","{32D06A35-4650-474D-9A45-F6627FEF07F7}"
"1EAL096","1EAL09","English as an Additional Language Year 9 Sem 16","English as an Additional Language Year 9 Sem 1","6","EAL_ENGLISH","EAL","","","","{1B11DBBC-B733-41B0-95FC-5219C283993E}","{32D06A35-4650-474D-9A45-F6627FEF07F7}"
"1EAL106","1EAL10","English as an Additional Language Year 10 Sem 16","English as an Additional Language Year 10 Sem 1","6","EAL_ENGLISH","EAL","","","","{4C457F3E-40E5-4A79-A2F9-FA2D195A9863}","{32D06A35-4650-474D-9A45-F6627FEF07F7}"
"1EAL115","1EAL11","English as an Additional Lang. Unit 1 VCE5","English as an Additional Lang. Unit 1 VCE","5","EAL_ENGLISH","EAL","EN011","5","","{280C0CD4-3F3E-4643-BD65-A58041BB14C3}","{32D06A35-4650-474D-9A45-F6627FEF07F7}"
"1EAL125","1EAL12","English as an Additional Lang. Unit 3 VCE5","English as an Additional Lang. Unit 3 VCE","5","EAL_ENGLISH","EAL","EN093","5","","{5DF57CC1-1B0C-4B3D-A16B-CC2D0645E233}","{32D06A35-4650-474D-9A45-F6627FEF07F7}"
"1EHU01B","1EHU01","English Language Humanities Sem 1B","English Language Humanities Sem 1","B","EAL_ENGLISH","EAL","","","","{EBF1A538-9C29-4E5A-A733-37F562D4A4F6}","{32D06A35-4650-474D-9A45-F6627FEF07F7}"
"1EMA01B","1EMA01","English Language Mathematics Sem 1B","English Language Mathematics Sem 1","B","MATHS_MATHS","MTH","","","","{1499A2F9-296C-4431-8F5F-1A84BA8F6BF6}","{85ECC1FA-3E50-43D5-93E1-932E30F96764}"
"1ENG07A","1ENG07","English Year 7 Sem 1A","English Year 7 Sem 1","A","ENGLISH_ENGLISH","ENG","","","","{299F6069-CF76-4EDA-A0F1-3A6B6A6BB8FE}","{F5632056-9EF1-43FF-AC03-C9D367034EE7}"
"1ENG07B","1ENG07","English Year 7 Sem 1B","English Year 7 Sem 1","B","ENGLISH_ENGLISH","ENG","","","","{D9128A4B-07C4-47FD-9E2B-542E0349016D}","{F5632056-9EF1-43FF-AC03-C9D367034EE7}"
"1ENG07C","1ENG07","English Year 7 Sem 1C","English Year 7 Sem 1","C","ENGLISH_ENGLISH","ENG","","","","{3E2EC639-2EBA-4A08-A7A3-D46E47CD6618}","{F5632056-9EF1-43FF-AC03-C9D367034EE7}"
"1ENG07D","1ENG07","English Year 7 Sem 1D","English Year 7 Sem 1","D","ENGLISH_ENGLISH","ENG","","","","{5FED8997-257B-439C-863D-55990C1D6411}","{F5632056-9EF1-43FF-AC03-C9D367034EE7}"
"1ENG07E","1ENG07","English Year 7 Sem 1E","English Year 7 Sem 1","E","ENGLISH_ENGLISH","ENG","","","","{413F7BD4-D67B-40D1-A637-84ADA5C97B6C}","{F5632056-9EF1-43FF-AC03-C9D367034EE7}"
"1ENG08A","1ENG08","English Year 8 Sem 1A","English Year 8 Sem 1","A","ENGLISH_ENGLISH","ENG","","","","{7DD64247-5EAF-4DE1-83FE-BFEA2F0F44E1}","{F5632056-9EF1-43FF-AC03-C9D367034EE7}"
"1ENG08B","1ENG08","English Year 8 Sem 1B","English Year 8 Sem 1","B","ENGLISH_ENGLISH","ENG","","","","{DF71BF4E-8DA9-43CB-95C8-014B82C34782}","{F5632056-9EF1-43FF-AC03-C9D367034EE7}"
"1ENG08C","1ENG08","English Year 8 Sem 1C","English Year 8 Sem 1","C","ENGLISH_ENGLISH","ENG","","","","{79B5CC86-43B0-4AA5-B5FC-E6617E05636F}","{F5632056-9EF1-43FF-AC03-C9D367034EE7}"
"1ENG08D","1ENG08","English Year 8 Sem 1D","English Year 8 Sem 1","D","ENGLISH_ENGLISH","ENG","","","","{6F742463-D133-4526-8BED-4A4571F7B13C}","{F5632056-9EF1-43FF-AC03-C9D367034EE7}"
"1ENG08E","1ENG08","English Year 8 Sem 1E","English Year 8 Sem 1","E","ENGLISH_ENGLISH","ENG","","","","{F67160E5-BFD7-46F0-BE2B-A0E4BFC6EC1D}","{F5632056-9EF1-43FF-AC03-C9D367034EE7}"
"1ENG09A","1ENG09","English Year 9 Sem 1A","English Year 9 Sem 1","A","ENGLISH_ENGLISH","ENG","","","","{5CE52722-4D75-4169-A676-CFFD9882AE74}","{F5632056-9EF1-43FF-AC03-C9D367034EE7}"
"1ENG09B","1ENG09","English Year 9 Sem 1B","English Year 9 Sem 1","B","ENGLISH_ENGLISH","ENG","","","","{B7F4614D-9E88-407B-93CD-1A22A9B9B052}","{F5632056-9EF1-43FF-AC03-C9D367034EE7}"
"1ENG09C","1ENG09","English Year 9 Sem 1C","English Year 9 Sem 1","C","ENGLISH_ENGLISH","ENG","","","","{5CF077CA-C4A9-43F3-B7E0-E112900EB2D6}","{F5632056-9EF1-43FF-AC03-C9D367034EE7}"
"1ENG09D","1ENG09","English Year 9 Sem 1D","English Year 9 Sem 1","D","ENGLISH_ENGLISH","ENG","","","","{75208A00-4EA1-4392-9843-B436EEDE0E68}","{F5632056-9EF1-43FF-AC03-C9D367034EE7}"
"1ENG09E","1ENG09","English Year 9 Sem 1E","English Year 9 Sem 1","E","ENGLISH_ENGLISH","ENG","","","","{DC6FB2F7-EBF4-424A-9DB7-0CB5970DBFFF}","{F5632056-9EF1-43FF-AC03-C9D367034EE7}"
"1ENG09F","1ENG09","English Year 9 Sem 1F","English Year 9 Sem 1","F","ENGLISH_ENGLISH","ENG","","","","{DA2DBE4E-1EBD-40A1-931B-B81AB1DAB553}","{F5632056-9EF1-43FF-AC03-C9D367034EE7}"
"1ENG101","1ENG10","English Year 10 Sem 11","English Year 10 Sem 1","1","ENGLISH_ENGLISH","ENG","","","","{7186399F-B622-4B71-8481-31BA94A1F08D}","{F5632056-9EF1-43FF-AC03-C9D367034EE7}"
"1ENG102","1ENG10","English Year 10 Sem 12","English Year 10 Sem 1","2","ENGLISH_ENGLISH","ENG","","","","{A095B063-1D9E-4C2A-B645-8AED41771426}","{F5632056-9EF1-43FF-AC03-C9D367034EE7}"
"1ENG103A","1ENG10","English Year 10 Sem 13A","English Year 10 Sem 1","3A","ENGLISH_ENGLISH","ENG","","","","{9038AAB4-95E5-41F5-A1DA-AB4C480FC854}","{F5632056-9EF1-43FF-AC03-C9D367034EE7}"
"1ENG103B","1ENG10","English Year 10 Sem 13B","English Year 10 Sem 1","3B","ENGLISH_ENGLISH","ENG","","","","{59CBF148-66E6-4E54-8F37-BC2E45679308}","{F5632056-9EF1-43FF-AC03-C9D367034EE7}"
"1ENG104","1ENG10","English Year 10 Sem 14","English Year 10 Sem 1","4","ENGLISH_ENGLISH","ENG","","","","{A991B8D6-4745-4B69-A6B9-EB5000C36192}","{F5632056-9EF1-43FF-AC03-C9D367034EE7}"
"1ENG105","1ENG10","English Year 10 Sem 15","English Year 10 Sem 1","5","ENGLISH_ENGLISH","ENG","","","","{BEEC151E-FD1F-4233-81B6-CE77B53FB2E6}","{F5632056-9EF1-43FF-AC03-C9D367034EE7}"
"1ENG106","1ENG10","English Year 10 Sem 16","English Year 10 Sem 1","6","ENGLISH_ENGLISH","ENG","","","","{3A3E6F9E-4E00-4DCB-B453-8AE07D54DB1D}","{F5632056-9EF1-43FF-AC03-C9D367034EE7}"
"1ENG111","1ENG11","English Unit 1 VCE1","English Unit 1 VCE","1","ENGLISH_ENGLISH","ENG","EN011","1","","{658FA3D2-4396-48C9-93CD-A1A9B460A5CB}","{F5632056-9EF1-43FF-AC03-C9D367034EE7}"
"1ENG112","1ENG11","English Unit 1 VCE2","English Unit 1 VCE","2","ENGLISH_ENGLISH","ENG","EN011","2","","{09BAC9B5-3752-4946-A017-175993A115E1}","{F5632056-9EF1-43FF-AC03-C9D367034EE7}"
"1ENG114","1ENG11","English Unit 1 VCE4","English Unit 1 VCE","4","ENGLISH_ENGLISH","ENG","EN011","4","","{626FBB6C-63AC-4FDC-A2B4-F3B855F73411}","{F5632056-9EF1-43FF-AC03-C9D367034EE7}"
"1ENG115","1ENG11","English Unit 1 VCE5","English Unit 1 VCE","5","ENGLISH_ENGLISH","ENG","EN011","5","","{A4E72A43-D3A8-488D-AC39-A780FC6D7C6E}","{F5632056-9EF1-43FF-AC03-C9D367034EE7}"
"1ENG116","1ENG11","English Unit 1 VCE6","English Unit 1 VCE","6","ENGLISH_ENGLISH","ENG","EN011","6","","{51E8CA52-90DA-4BE8-85A6-B73D44ADD0F5}","{F5632056-9EF1-43FF-AC03-C9D367034EE7}"
"1ENG121","1ENG12","English Unit 3 VCE1","English Unit 3 VCE","1","ENGLISH_ENGLISH","ENG","EN013","1","","{DA71356B-D728-430E-BFEB-F510B6FB0072}","{F5632056-9EF1-43FF-AC03-C9D367034EE7}"
"1ENG122","1ENG12","English Unit 3 VCE2","English Unit 3 VCE","2","ENGLISH_ENGLISH","ENG","EN013","2","","{1F049F95-DFD7-4DE8-9F7E-7B7AB95A1155}","{F5632056-9EF1-43FF-AC03-C9D367034EE7}"
"1ENG123","1ENG12","English Unit 3 VCE3","English Unit 3 VCE","3","ENGLISH_ENGLISH","ENG","EN013","3","","{4CC702D1-3B24-436E-994D-A15E66417755}","{F5632056-9EF1-43FF-AC03-C9D367034EE7}"
"1ENG124","1ENG12","English Unit 3 VCE4","English Unit 3 VCE","4","ENGLISH_ENGLISH","ENG","EN013","4","","{D33F0FE1-1242-49FF-9405-506A275781BA}","{F5632056-9EF1-43FF-AC03-C9D367034EE7}"
"1ENG125","1ENG12","English Unit 3 VCE5","English Unit 3 VCE","5","ENGLISH_ENGLISH","ENG","EN013","5","","{E84F404E-DD5D-4BA1-B676-A470BD76890D}","{F5632056-9EF1-43FF-AC03-C9D367034EE7}"
"1ENG126","1ENG12","English Unit 3 VCE6","English Unit 3 VCE","6","ENGLISH_ENGLISH","ENG","EN013","6","","{2D057F10-8A5B-4CCE-9DA8-98083A9828F2}","{F5632056-9EF1-43FF-AC03-C9D367034EE7}"
"1ERV01B","1ERV01","English Language Reading & Viewing Sem 1B","English Language Reading & Viewing Sem 1","B","EAL_ENGLISH","EAL","","","","{BB6A9AB1-F07F-46CE-BE0B-5463FD70880E}","{32D06A35-4650-474D-9A45-F6627FEF07F7}"
"1ESC01B","1ESC01","English Language Science Sem 1B","English Language Science Sem 1","B","EAL_ENGLISH","EAL","","","","{F27334D5-C584-414E-A107-130A75A8A4C9}","{32D06A35-4650-474D-9A45-F6627FEF07F7}"
"1ESL01B","1ESL01","English Language Speaking & Listening Sem 1B","English Language Speaking & Listening Sem 1","B","EAL_ENGLISH","EAL","","","","{D05AD0E1-76A6-4194-AA58-B51F8D447210}","{32D06A35-4650-474D-9A45-F6627FEF07F7}"
"1EWG01B","1EWG01","English Language Writing & Grammar Sem 1B","English Language Writing & Grammar Sem 1","B","EAL_ENGLISH","EAL","","","","{7F961CE5-EAB9-439D-8730-99ABB55267E3}","{32D06A35-4650-474D-9A45-F6627FEF07F7}"
"1FST114","1FST11","Food Studies Unit 1 VCE4","Food Studies Unit 1 VCE","4","TECHNOLOGY_FOODS","HEC","FY011","4","","{7EE6B351-C8A4-439C-955E-E38152C1490D}","{703F613D-8F39-403A-BBDA-D72CCF187868}"
"1FST122","1FST12","Food Studies Unit 3 VCE2","Food Studies Unit 3 VCE","2","TECHNOLOGY_FOODS","HEC","FY033","2","","{C60A775B-4AE0-4766-9D44-ABF0556C270B}","{703F613D-8F39-403A-BBDA-D72CCF187868}"
"1FTA096","1FTA09","Food Technology Year 9 Sem 16","Food Technology Year 9 Sem 1","6","TECHNOLOGY_FOODS","HEC","","","","{D7F52AE9-43E5-4179-9F17-C3FB0758D0D1}","{703F613D-8F39-403A-BBDA-D72CCF187868}"
"1FTA101","1FTA10","Food Technology A Year 10 Sem 11","Food Technology A Year 10 Sem 1","1","TECHNOLOGY_FOODS","HEC","","","","{C680073E-0115-42AA-B797-7B8157B49861}","{703F613D-8F39-403A-BBDA-D72CCF187868}"
"1FTA103","1FTA10","Food Technology A Year 10 Sem 13","Food Technology A Year 10 Sem 1","3","TECHNOLOGY_FOODS","HEC","","","","{AE2DB53F-2EE2-4676-92A0-2AF71DCD89A8}","{703F613D-8F39-403A-BBDA-D72CCF187868}"
"1GEO09B","1GEO09","Geography Year 9 Sem 1B","Geography Year 9 Sem 1","B","HUMANITIES_GEOGRAPHY","GEO","","","","{C4BE0778-5C6C-4892-B869-418C7832CAF3}","{92E6A8C0-2F7F-4E43-88AE-F37072D64C06}"
"1GEO09D","1GEO09","Geography Year 9 Sem 1D","Geography Year 9 Sem 1","D","HUMANITIES_GEOGRAPHY","GEO","","","","{F87C1369-5F9F-4DFB-B398-1BFC99857CEF}","{92E6A8C0-2F7F-4E43-88AE-F37072D64C06}"
"1GEO09F","1GEO09","Geography Year 9 Sem 1F","Geography Year 9 Sem 1","F","HUMANITIES_GEOGRAPHY","GEO","","","","{25A24AFF-E50F-4150-8AED-4F9D55BA6065}","{92E6A8C0-2F7F-4E43-88AE-F37072D64C06}"
"1HCP095","1HCP09","History Crime and Punishment Year 9 Sem 15","History Crime and Punishment Year 9 Sem 1","5","HUMANITIES_HIS","HIS","","","","{4A06DF73-0BAA-4E03-93EB-064C53908975}","{EF009C77-D8A6-4C4D-8E4E-F71FAB466F3A}"
"1HEC07A","1HEC07","Home Economics Year 7 Sem 1A","Home Economics Year 7 Sem 1","A","TECHNOLOGY_FOODS","HEC","","","","{A7783520-5107-40D7-8546-757D9DCFD945}","{703F613D-8F39-403A-BBDA-D72CCF187868}"
"1HEC07C","1HEC07","Home Economics Year 7 Sem 1C","Home Economics Year 7 Sem 1","C","TECHNOLOGY_FOODS","HEC","","","","{7AAED2B4-74B6-4610-B8AD-243F5C087DA5}","{703F613D-8F39-403A-BBDA-D72CCF187868}"
"1HEC07E","1HEC07","Home Economics Year 7 Sem 1E","Home Economics Year 7 Sem 1","E","TECHNOLOGY_FOODS","HEC","","","","{EC8738F4-4949-414F-ADC1-8C87DF4C43A0}","{703F613D-8F39-403A-BBDA-D72CCF187868}"
"1HEC08B","1HEC08","Home Economics Year 8 Sem 1B","Home Economics Year 8 Sem 1","B","TECHNOLOGY_FOODS","HEC","","","","{CD8CD398-7346-41D5-BCAA-6F981A1FDA89}","{703F613D-8F39-403A-BBDA-D72CCF187868}"
"1HEC08D","1HEC08","Home Economics Year 8 Sem 1D","Home Economics Year 8 Sem 1","D","TECHNOLOGY_FOODS","HEC","","","","{070D046A-BBC0-4403-B526-CE1011E1BC97}","{703F613D-8F39-403A-BBDA-D72CCF187868}"
"1HHD07D","1HHD07","Health & Human Development Year 7 Sem 1D","Health & Human Development Year 7 Sem 1","D","HEALTHPED_HHD","HHD","","","","{8F33C437-5427-41F9-82DC-E3A3B9185F3E}","{B35B2C99-72F8-47AE-96D0-D7016803F455}"
"1HHD07E","1HHD07","Health & Human Development Year 7 Sem 1E","Health & Human Development Year 7 Sem 1","E","HEALTHPED_HHD","HHD","","","","{65DA082B-3971-4D50-A742-5B6CF1170E6A}","{B35B2C99-72F8-47AE-96D0-D7016803F455}"
"1HHD08D","1HHD08","Health & Human Development Year 8 Sem 1D","Health & Human Development Year 8 Sem 1","D","HEALTHPED_HHD","HHD","","","","{FE5D7ABA-F1CF-4D4B-B757-EC7098232DE6}","{B35B2C99-72F8-47AE-96D0-D7016803F455}"
"1HHD08E","1HHD08","Health & Human Development Year 8 Sem 1E","Health & Human Development Year 8 Sem 1","E","HEALTHPED_HHD","HHD","","","","{4645FAEE-5D02-47D6-B745-A7EA826D9E50}","{B35B2C99-72F8-47AE-96D0-D7016803F455}"
"1HHD09A","1HHD09","Health & Human Devolopment Year 9 Sem 1A","Health & Human Devolopment Year 9 Sem 1","A","HEALTHPED_HHD","HHD","","","","{ADFE3388-96CA-4A16-9EE0-E4E4E8362810}","{B35B2C99-72F8-47AE-96D0-D7016803F455}"
"1HHD09B","1HHD09","Health & Human Devolopment Year 9 Sem 1B","Health & Human Devolopment Year 9 Sem 1","B","HEALTHPED_HHD","HHD","","","","{2D95633D-8802-4DA0-8DE5-D6A8C4F9A4E2}","{B35B2C99-72F8-47AE-96D0-D7016803F455}"
"1HHD09C","1HHD09","Health & Human Devolopment Year 9 Sem 1C","Health & Human Devolopment Year 9 Sem 1","C","HEALTHPED_HHD","HHD","","","","{75A30EED-0857-4510-9FAB-41FAA59D3859}","{B35B2C99-72F8-47AE-96D0-D7016803F455}"
"1HHD09D","1HHD09","Health & Human Devolopment Year 9 Sem 1D","Health & Human Devolopment Year 9 Sem 1","D","HEALTHPED_HHD","HHD","","","","{9FC76182-FD66-4D00-81E8-7A88C3E3B4FD}","{B35B2C99-72F8-47AE-96D0-D7016803F455}"
"1HHD09E","1HHD09","Health & Human Devolopment Year 9 Sem 1E","Health & Human Devolopment Year 9 Sem 1","E","HEALTHPED_HHD","HHD","","","","{434B1C1A-7072-4753-BD84-7C2CBD29032E}","{B35B2C99-72F8-47AE-96D0-D7016803F455}"
"1HHD09F","1HHD09","Health & Human Devolopment Year 9 Sem 1F","Health & Human Devolopment Year 9 Sem 1","F","HEALTHPED_HHD","HHD","","","","{A7660E88-B9DC-466E-AFF5-8652CD45CF01}","{B35B2C99-72F8-47AE-96D0-D7016803F455}"
"1HHD111","1HHD11","Health and Human Dev'ment Unit 1 VCE1","Health and Human Dev'ment Unit 1 VCE","1","HEALTHPED_HHD","HHD","HH011","1","","{CA4F22C9-D590-4776-B930-EA7E0E347D68}","{B35B2C99-72F8-47AE-96D0-D7016803F455}"
"1HHD116","1HHD11","Health and Human Dev'ment Unit 1 VCE6","Health and Human Dev'ment Unit 1 VCE","6","HEALTHPED_HHD","HHD","HH011","6","","{73016809-1B6B-4220-96ED-6EA024D2337D}","{B35B2C99-72F8-47AE-96D0-D7016803F455}"
"1HHD123","1HHD12","Health and Human Dev'ment Unit 3 VCE3","Health and Human Dev'ment Unit 3 VCE","3","HEALTHPED_HHD","HHD","HH033","3","","{3C038D55-E914-46E1-A734-36A6877E65B3}","{B35B2C99-72F8-47AE-96D0-D7016803F455}"
"1HHD126","1HHD12","Health and Human Dev'ment Unit 3 VCE6","Health and Human Dev'ment Unit 3 VCE","6","HEALTHPED_HHD","HHD","HH033","6","","{F5259F22-6031-4A36-9C64-0B1B23588E89}","{B35B2C99-72F8-47AE-96D0-D7016803F455}"
"1HIS09A","1HIS09","History Year 9 Sem 1A","History Year 9 Sem 1","A","HUMANITIES_HIS","HIS","","","","{8A5F256A-9AFE-4972-BFD7-00D293531082}","{EF009C77-D8A6-4C4D-8E4E-F71FAB466F3A}"
"1HIS09C","1HIS09","History Year 9 Sem 1C","History Year 9 Sem 1","C","HUMANITIES_HIS","HIS","","","","{67E7F73A-2F57-495E-B7D2-8EDFEAE92282}","{EF009C77-D8A6-4C4D-8E4E-F71FAB466F3A}"
"1HIS09E","1HIS09","History Year 9 Sem 1E","History Year 9 Sem 1","E","HUMANITIES_HIS","HIS","","","","{6DD5F9F6-E3E8-414D-B405-9C99829A8408}","{EF009C77-D8A6-4C4D-8E4E-F71FAB466F3A}"
"1HIS101","1HIS10","History: 1918-1945 WWII Year 10 Sem 11","History: 1918-1945 WWII Year 10 Sem 1","1","HUMANITIES_HIS","HIS","","","","{45B8043A-2F70-473A-8628-BAE20634B0BF}","{EF009C77-D8A6-4C4D-8E4E-F71FAB466F3A}"
"1HIS102","1HIS10","History: 1918-1945 WWII Year 10 Sem 12","History: 1918-1945 WWII Year 10 Sem 1","2","HUMANITIES_HIS","HIS","","","","{ED5FCBE1-83F0-474F-96B0-2E73B8D661D7}","{EF009C77-D8A6-4C4D-8E4E-F71FAB466F3A}"
"1HIS104","1HIS10","History: 1918-1945 WWII Year 10 Sem 14","History: 1918-1945 WWII Year 10 Sem 1","4","HUMANITIES_HIS","HIS","","","","{EA5FBBAE-1E53-4BBA-ABAB-48BB880CB07D}","{EF009C77-D8A6-4C4D-8E4E-F71FAB466F3A}"
"1HIS105","1HIS10","History: 1918-1945 WWII Year 10 Sem 15","History: 1918-1945 WWII Year 10 Sem 1","5","HUMANITIES_HIS","HIS","","","","{4ED1E2B2-D6C1-42A1-8F31-E2BE13193CA6}","{EF009C77-D8A6-4C4D-8E4E-F71FAB466F3A}"
"1HIS116","1HIS11","History Unit 1 VCE6","History Unit 1 VCE","6","HUMANITIES_HIS","HIS","HI031","6","","{EA4B7A49-8858-4511-A1A8-58FE7D46BAF7}","{EF009C77-D8A6-4C4D-8E4E-F71FAB466F3A}"
"1HIS121","1HIS12","History Unit 3 VCE1","History Unit 3 VCE","1","HUMANITIES_HIS","HIS","HI133","1","","{52B09E09-D246-4E00-A1F4-F05A342C54AE}","{EF009C77-D8A6-4C4D-8E4E-F71FAB466F3A}"
"1HIS125","1HIS12","History Unit 3 VCE5","History Unit 3 VCE","5","HUMANITIES_HIS","HIS","HI133","5","","{3B6B2F1A-3144-40FD-BD24-8F034E933A97}","{EF009C77-D8A6-4C4D-8E4E-F71FAB466F3A}"
"1HUM07A","1HUM07","Humanities Year 7 Sem 1A","Humanities Year 7 Sem 1","A","HUMANITIES_HUMS YR 7/8","HUM","","","","{0031E79E-7308-4343-816F-C2D13A732992}","{600312A5-102A-42C3-A709-D04811ADD8FF}"
"1HUM07B","1HUM07","Humanities Year 7 Sem 1B","Humanities Year 7 Sem 1","B","HUMANITIES_HUMS YR 7/8","HUM","","","","{6E13AB0D-2A1D-4C18-9E51-95662C5AF6F8}","{600312A5-102A-42C3-A709-D04811ADD8FF}"
"1HUM07C","1HUM07","Humanities Year 7 Sem 1C","Humanities Year 7 Sem 1","C","HUMANITIES_HUMS YR 7/8","HUM","","","","{392C4B3E-14E1-4048-8F05-AD6570EFCBD3}","{600312A5-102A-42C3-A709-D04811ADD8FF}"
"1HUM07D","1HUM07","Humanities Year 7 Sem 1D","Humanities Year 7 Sem 1","D","HUMANITIES_HUMS YR 7/8","HUM","","","","{0EF10F82-ABAE-4F83-8A37-544B22AF42B0}","{600312A5-102A-42C3-A709-D04811ADD8FF}"
"1HUM07E","1HUM07","Humanities Year 7 Sem 1E","Humanities Year 7 Sem 1","E","HUMANITIES_HUMS YR 7/8","HUM","","","","{B12A24A4-2541-43C8-820C-DD58B0A3F7A0}","{600312A5-102A-42C3-A709-D04811ADD8FF}"
"1HUM08A","1HUM08","Humanities Year 8 Sem 1A","Humanities Year 8 Sem 1","A","HUMANITIES_HUMS YR 7/8","HUM","","","","{BD3C9F3B-2112-4593-89BD-174E80970EE4}","{600312A5-102A-42C3-A709-D04811ADD8FF}"
"1HUM08B","1HUM08","Humanities Year 8 Sem 1B","Humanities Year 8 Sem 1","B","HUMANITIES_HUMS YR 7/8","HUM","","","","{D7F35FDF-BE19-4CD6-A96C-5B0CC56536A4}","{600312A5-102A-42C3-A709-D04811ADD8FF}"
"1HUM08C","1HUM08","Humanities Year 8 Sem 1C","Humanities Year 8 Sem 1","C","HUMANITIES_HUMS YR 7/8","HUM","","","","{82A8BC8D-5726-4A1E-8839-58FBB0A7BC8D}","{600312A5-102A-42C3-A709-D04811ADD8FF}"
"1HUM08D","1HUM08","Humanities Year 8 Sem 1D","Humanities Year 8 Sem 1","D","HUMANITIES_HUMS YR 7/8","HUM","","","","{608C96A0-3C8C-4946-8F59-9A06D2B88E97}","{600312A5-102A-42C3-A709-D04811ADD8FF}"
"1HUM08E","1HUM08","Humanities Year 8 Sem 1E","Humanities Year 8 Sem 1","E","HUMANITIES_HUMS YR 7/8","HUM","","","","{E4303B57-4387-4968-B3F4-F487D2EE33E3}","{600312A5-102A-42C3-A709-D04811ADD8FF}"
"1LAN07A","1LAN07","Languages: Italian Year 7 Sem 1A","Languages: Italian Year 7 Sem 1","A","LANGUAGES_LANG","LAN","","","","{FA9999BB-E1F8-49B4-98AB-70E43F00C6C4}","{EE037370-214D-4A2F-AE47-53A9C4B00C64}"
"1LAN07B","1LAN07","Languages: Italian Year 7 Sem 1B","Languages: Italian Year 7 Sem 1","B","LANGUAGES_LANG","LAN","","","","{F989CAE0-2963-43FB-A614-8A72300E1EEA}","{EE037370-214D-4A2F-AE47-53A9C4B00C64}"
"1LAN07C","1LAN07","Languages: Italian Year 7 Sem 1C","Languages: Italian Year 7 Sem 1","C","LANGUAGES_LANG","LAN","","","","{2AAC7729-391E-4C19-947A-86B4D017C9A9}","{EE037370-214D-4A2F-AE47-53A9C4B00C64}"
"1LAN07D","1LAN07","Languages: Italian Year 7 Sem 1D","Languages: Italian Year 7 Sem 1","D","LANGUAGES_LANG","LAN","","","","{56CB6BC0-89C4-4AF2-BDFE-FDA755D920DE}","{EE037370-214D-4A2F-AE47-53A9C4B00C64}"
"1LAN07E","1LAN07","Languages: Italian Year 7 Sem 1E","Languages: Italian Year 7 Sem 1","E","LANGUAGES_LANG","LAN","","","","{7571E77A-EB04-4689-8790-A9538B6FC8CE}","{EE037370-214D-4A2F-AE47-53A9C4B00C64}"
"1LAN08A","1LAN08","Languages: Italian Year 8 Sem 1A","Languages: Italian Year 8 Sem 1","A","LANGUAGES_LANG","LAN","","","","{CDA9D88D-C9B6-4D91-B3B3-3FB32388D889}","{EE037370-214D-4A2F-AE47-53A9C4B00C64}"
"1LAN08B","1LAN08","Languages: Italian Year 8 Sem 1B","Languages: Italian Year 8 Sem 1","B","LANGUAGES_LANG","LAN","","","","{76DEF45F-5B24-448B-95B4-FFFBB94D86AF}","{EE037370-214D-4A2F-AE47-53A9C4B00C64}"
"1LAN08C","1LAN08","Languages: Italian Year 8 Sem 1C","Languages: Italian Year 8 Sem 1","C","LANGUAGES_LANG","LAN","","","","{0FD7119D-9395-4377-901D-AF359FA3AF79}","{EE037370-214D-4A2F-AE47-53A9C4B00C64}"
"1LAN08D","1LAN08","Languages: Italian Year 8 Sem 1D","Languages: Italian Year 8 Sem 1","D","LANGUAGES_LANG","LAN","","","","{9FE43029-E6A1-4CA1-84A2-73F1C81B093A}","{EE037370-214D-4A2F-AE47-53A9C4B00C64}"
"1LAN08E","1LAN08","Languages: Italian Year 8 Sem 1E","Languages: Italian Year 8 Sem 1","E","LANGUAGES_LANG","LAN","","","","{BEDAEA64-8776-46DE-8F49-1347E801DE70}","{EE037370-214D-4A2F-AE47-53A9C4B00C64}"
"1LAN096","1LAN09","Languages: Italian Year 9 Sem 16","Languages: Italian Year 9 Sem 1","6","LANGUAGES_LANG","LAN","","","","{C9086513-C107-49CA-B2C5-8607BB732793}","{EE037370-214D-4A2F-AE47-53A9C4B00C64}"
"1LATE01A","1LATE01","Late Support Period 1 All Year Levels Sem 1A","Late Support Period 1 All Year Levels Sem 1","A","LATE_SUPPORT","LATESUP","","","","{EC7CC44C-5F2A-4945-927B-08D9FB06D58B}","{D2C2F569-5405-4428-92A1-DBC03B71631E}"
"1LEG113","1LEG11","Legal Studies Unit 1 VCE3","Legal Studies Unit 1 VCE","3","HUMANITIES_LEGAL","LEG","LS011","3","","{4A0BD19E-37B0-4046-A19F-D2BE458C253F}","{361493C4-47FC-4E75-9B45-C41708393547}"
"1LEG124","1LEG12","Legal Studies Unit 3 VCE4","Legal Studies Unit 3 VCE","4","HUMANITIES_LEGAL","LEG","LS033","4","","{01A0EC90-D8C8-4083-A94A-DC1EFE5A642F}","{361493C4-47FC-4E75-9B45-C41708393547}"
"1LEG125","1LEG12","Legal Studies Unit 3 VCE5","Legal Studies Unit 3 VCE","5","HUMANITIES_LEGAL","LEG","LS033","5","","{62D7AD9A-B327-45B5-8BC0-F1A1CAB2D52E}","{361493C4-47FC-4E75-9B45-C41708393547}"
"1MAG101","1MAG10","General Mathematics Year 10 Sem 11","General Mathematics Year 10 Sem 1","1","MATHS_MATHS","MTH","","","","{E23CD160-A7C2-4267-A44F-C23B675D7699}","{85ECC1FA-3E50-43D5-93E1-932E30F96764}"
"1MAG103","1MAG10","General Mathematics Year 10 Sem 13","General Mathematics Year 10 Sem 1","3","MATHS_MATHS","MTH","","","","{C97C4154-5CD4-4D58-82F6-A20DAC0AF1A2}","{85ECC1FA-3E50-43D5-93E1-932E30F96764}"
"1MAG104","1MAG10","General Mathematics Year 10 Sem 14","General Mathematics Year 10 Sem 1","4","MATHS_MATHS","MTH","","","","{CB778FB3-AC0D-4088-B36A-20B7D992F190}","{85ECC1FA-3E50-43D5-93E1-932E30F96764}"
"1MAG106","1MAG10","General Mathematics Year 10 Sem 16","General Mathematics Year 10 Sem 1","6","MATHS_MATHS","MTH","","","","{65E2FFFA-9C94-496A-8F84-59EABB90936B}","{85ECC1FA-3E50-43D5-93E1-932E30F96764}"
"1MAG112","1MAG11","General Mathematics Unit 1 VCE2","General Mathematics Unit 1 VCE","2","MATHS_MATHS","MTH","MA071","2","","{E4AFCFF2-01D4-46A8-9A44-105A6B99C769}","{85ECC1FA-3E50-43D5-93E1-932E30F96764}"
"1MAG114","1MAG11","General Mathematics Unit 1 VCE4","General Mathematics Unit 1 VCE","4","MATHS_MATHS","MTH","MA071","4","","{4637FE82-1643-43B8-96B2-C7C3F76C075A}","{85ECC1FA-3E50-43D5-93E1-932E30F96764}"
"1MAG124","1MAG12","General Mathematics Unit 3 VCE4","General Mathematics Unit 3 VCE","4","MATHS_MATHS","MTH","MA073","4","","{60676CA7-DA24-4B74-8A50-8BB7329DC242}","{85ECC1FA-3E50-43D5-93E1-932E30F96764}"
"1MAG125","1MAG12","General Mathematics Unit 3 VCE5","General Mathematics Unit 3 VCE","5","MATHS_MATHS","MTH","MA073","5","","{ECBEE799-E88A-42DE-AA8E-B3E0A4E2BAC4}","{85ECC1FA-3E50-43D5-93E1-932E30F96764}"
"1MAG126","1MAG12","General Mathematics Unit 3 VCE6","General Mathematics Unit 3 VCE","6","MATHS_MATHS","MTH","MA073","6","","{3E0DEE4F-A1CE-4DC1-AF16-453B2C2C7F39}","{85ECC1FA-3E50-43D5-93E1-932E30F96764}"
"1MAM112","1MAM11","Mathematical Methods Unit 1 VCE2","Mathematical Methods Unit 1 VCE","2","MATHS_MATHS","MTH","MA111","2","","{A4CA29C4-3D9B-4EF2-99F4-D282000CED9D}","{85ECC1FA-3E50-43D5-93E1-932E30F96764}"
"1MAM115","1MAM11","Mathematical Methods Unit 1 VCE5","Mathematical Methods Unit 1 VCE","5","MATHS_MATHS","MTH","MA111","5","","{D170C790-FF55-42AF-B752-5C0674D3909B}","{85ECC1FA-3E50-43D5-93E1-932E30F96764}"
"1MAM122","1MAM12","Mathematical Methods Unit 3 VCE2","Mathematical Methods Unit 3 VCE","2","MATHS_MATHS","MTH","MA113","2","","{7D04DE9B-90F0-4EA9-8971-341D7904DBE7}","{85ECC1FA-3E50-43D5-93E1-932E30F96764}"
"1MAM125","1MAM12","Mathematical Methods Unit 3 VCE5","Mathematical Methods Unit 3 VCE","5","MATHS_MATHS","MTH","MA113","5","","{5ACBF466-742F-4E5E-8BD0-589B72F2D719}","{85ECC1FA-3E50-43D5-93E1-932E30F96764}"
"1MAS113","1MAS11","Specialist Mathematics Unit 1 VCE3","Specialist Mathematics Unit 1 VCE","3","MATHS_MATHS","MTH","MA091","3","","{49C32815-E643-4971-A38B-795194CE46F0}","{85ECC1FA-3E50-43D5-93E1-932E30F96764}"
"1MAS126","1MAS12","Specialist Mathematics Unit 3 VCE6","Specialist Mathematics Unit 3 VCE","6","MATHS_MATHS","MTH","MA093","6","","{807234A2-6CD0-4FD7-B984-4F8F9D1FDEB1}","{85ECC1FA-3E50-43D5-93E1-932E30F96764}"
"1MAX096","1MAX09","Mathematical Extension Year 9 Sem 16","Mathematical Extension Year 9 Sem 1","6","MATHS_MATHS","MTH","","","","{A9E18691-3CA4-4980-BCE5-F38C926455C8}","{85ECC1FA-3E50-43D5-93E1-932E30F96764}"
"1MED105","1MED10","Media Studies Year 10 Sem 15","Media Studies Year 10 Sem 1","5","ARTS_MEDIA","MED","","","","{D4126AA9-E19D-451E-83C0-7DFA4739A8D8}","{0DD50198-45DA-4953-A877-A4CAB9DCFDE6}"
"1MED126","1MED12","Media Unit 3 VCE6","Media Unit 3 VCE","6","ARTS_MEDIA","MED","ME033","6","","{00974783-74C4-4CDC-8A87-607C30ADA56C}","{0DD50198-45DA-4953-A877-A4CAB9DCFDE6}"
"1MMM101","1MMM10","Mathematical Methods Year 10 Sem 11","Mathematical Methods Year 10 Sem 1","1","MATHS_MATHS","MTH","","","","{B894B327-D7DF-465B-9962-41039C83E68B}","{85ECC1FA-3E50-43D5-93E1-932E30F96764}"
"1MMM103","1MMM10","Mathematical Methods Year 10 Sem 13","Mathematical Methods Year 10 Sem 1","3","MATHS_MATHS","MTH","","","","{E28180FE-F6AC-42C8-BDA8-BA9F27D373DC}","{85ECC1FA-3E50-43D5-93E1-932E30F96764}"
"1MMM104","1MMM10","Mathematical Methods Year 10 Sem 14","Mathematical Methods Year 10 Sem 1","4","MATHS_MATHS","MTH","","","","{59483237-7AF8-44CE-B7E4-0F49609552AF}","{85ECC1FA-3E50-43D5-93E1-932E30F96764}"
"1MMM106","1MMM10","Mathematical Methods Year 10 Sem 16","Mathematical Methods Year 10 Sem 1","6","MATHS_MATHS","MTH","","","","{3F61F2F3-BB25-4346-ABF8-22D183E0E38C}","{85ECC1FA-3E50-43D5-93E1-932E30F96764}"
"1MSG107","1MSG10","Maths Support - General Maths Year 10 Sem 1 Wed7","Maths Support - General Maths Year 10 Sem 1 Wed","7","MATHS_MATHS","MTH","","","","{84F07AFF-32F2-4F98-8FB2-A2A862A8713F}","{85ECC1FA-3E50-43D5-93E1-932E30F96764}"
"1MSM107","1MSM10","Math Support - Methods Year 10 Sem 1 Wed7","Math Support - Methods Year 10 Sem 1 Wed","7","MATHS_MATHS","MTH","","","","{BAAAFB5E-4D67-4A59-A7A5-9C805D5DA8E9}","{85ECC1FA-3E50-43D5-93E1-932E30F96764}"
"1MTH07A","1MTH07","Mathematics Year 7 Sem 1A","Mathematics Year 7 Sem 1","A","MATHS_MATHS","MTH","","","","{DEA394F9-9023-4355-A3F1-BBAC2AC951B2}","{85ECC1FA-3E50-43D5-93E1-932E30F96764}"
"1MTH07B","1MTH07","Mathematics Year 7 Sem 1B","Mathematics Year 7 Sem 1","B","MATHS_MATHS","MTH","","","","{A1476FAA-E693-470A-9A03-650BCD797DD4}","{85ECC1FA-3E50-43D5-93E1-932E30F96764}"
"1MTH07C","1MTH07","Mathematics Year 7 Sem 1C","Mathematics Year 7 Sem 1","C","MATHS_MATHS","MTH","","","","{A31F8BF3-D02A-4AC1-990B-41D86F1B231B}","{85ECC1FA-3E50-43D5-93E1-932E30F96764}"
"1MTH07D","1MTH07","Mathematics Year 7 Sem 1D","Mathematics Year 7 Sem 1","D","MATHS_MATHS","MTH","","","","{D5F2EEEE-B1DE-4AA5-816D-97E735710BBD}","{85ECC1FA-3E50-43D5-93E1-932E30F96764}"
"1MTH07E","1MTH07","Mathematics Year 7 Sem 1E","Mathematics Year 7 Sem 1","E","MATHS_MATHS","MTH","","","","{D257C32D-B9F5-4060-8477-29DA4D7E3A82}","{85ECC1FA-3E50-43D5-93E1-932E30F96764}"
"1MTH08A","1MTH08","Mathematics Year 8 Sem 1A","Mathematics Year 8 Sem 1","A","MATHS_MATHS","MTH","","","","{955A48A3-F817-49F2-8F79-10DA8AAD73C9}","{85ECC1FA-3E50-43D5-93E1-932E30F96764}"
"1MTH08B","1MTH08","Mathematics Year 8 Sem 1B","Mathematics Year 8 Sem 1","B","MATHS_MATHS","MTH","","","","{E05FBE3C-3DFE-4D99-A62D-9838F02A2B75}","{85ECC1FA-3E50-43D5-93E1-932E30F96764}"
"1MTH08C","1MTH08","Mathematics Year 8 Sem 1C","Mathematics Year 8 Sem 1","C","MATHS_MATHS","MTH","","","","{BEDADDD5-3B01-418A-A7D5-0BFAA3AF2396}","{85ECC1FA-3E50-43D5-93E1-932E30F96764}"
"1MTH08D","1MTH08","Mathematics Year 8 Sem 1D","Mathematics Year 8 Sem 1","D","MATHS_MATHS","MTH","","","","{8B357B80-996F-4D38-845F-81BE1C03709C}","{85ECC1FA-3E50-43D5-93E1-932E30F96764}"
"1MTH08E","1MTH08","Mathematics Year 8 Sem 1E","Mathematics Year 8 Sem 1","E","MATHS_MATHS","MTH","","","","{ECA290BA-26BF-4847-A550-22F22FCB65C1}","{85ECC1FA-3E50-43D5-93E1-932E30F96764}"
"1MTH09A","1MTH09","Mathematics Year 9 Sem 1A","Mathematics Year 9 Sem 1","A","MATHS_MATHS","MTH","","","","{E6696A1E-2E1F-4D8B-B5AB-EF1CA797D0E6}","{85ECC1FA-3E50-43D5-93E1-932E30F96764}"
"1MTH09B","1MTH09","Mathematics Year 9 Sem 1B","Mathematics Year 9 Sem 1","B","MATHS_MATHS","MTH","","","","{B8DFF7BF-1701-4780-98B0-05043758EE22}","{85ECC1FA-3E50-43D5-93E1-932E30F96764}"
"1MTH09C","1MTH09","Mathematics Year 9 Sem 1C","Mathematics Year 9 Sem 1","C","MATHS_MATHS","MTH","","","","{51DDB259-3872-43DA-BC6B-5D8486AEFBF7}","{85ECC1FA-3E50-43D5-93E1-932E30F96764}"
"1MTH09D","1MTH09","Mathematics Year 9 Sem 1D","Mathematics Year 9 Sem 1","D","MATHS_MATHS","MTH","","","","{7B71F5B4-4C68-40C6-B483-B4DC4BE507F7}","{85ECC1FA-3E50-43D5-93E1-932E30F96764}"
"1MTH09E","1MTH09","Mathematics Year 9 Sem 1E","Mathematics Year 9 Sem 1","E","MATHS_MATHS","MTH","","","","{53E54AAF-60CA-4CBD-A0CF-B4A062168A20}","{85ECC1FA-3E50-43D5-93E1-932E30F96764}"
"1MTH09F","1MTH09","Mathematics Year 9 Sem 1F","Mathematics Year 9 Sem 1","F","MATHS_MATHS","MTH","","","","{1C516F78-B6E8-47C6-8184-2B6EF24D4145}","{85ECC1FA-3E50-43D5-93E1-932E30F96764}"
"1MTR08A","1MTR08","Materials Year 8 Sem 1A","Materials Year 8 Sem 1","A","TECHNOLOGY_MATERIALS","MTR","","","","{7EEAE29F-3F5D-4C8E-A745-E1E1F22F35DA}","{CBB0EA18-55A7-4461-8856-7AF9AE993A6A}"
"1MTR08C","1MTR08","Materials Year 8 Sem 1C","Materials Year 8 Sem 1","C","TECHNOLOGY_MATERIALS","MTR","","","","{580B9B39-15A0-4E53-A07D-27DC530B61EE}","{CBB0EA18-55A7-4461-8856-7AF9AE993A6A}"
"1MTR08E","1MTR08","Materials Year 8 Sem 1E","Materials Year 8 Sem 1","E","TECHNOLOGY_MATERIALS","MTR","","","","{9CFF4A3A-ABDB-474A-AEC6-626CC01A4669}","{CBB0EA18-55A7-4461-8856-7AF9AE993A6A}"
"1MUS07A","1MUS07","Music Year 7 Sem 1A","Music Year 7 Sem 1","A","ARTS_MUSIC","MUS","","","","{8D75680F-4F60-4DFE-B5C9-4E17028B9E78}","{A11E71B7-691E-49D1-8F3A-F03F18AD6F33}"
"1MUS07C","1MUS07","Music Year 7 Sem 1C","Music Year 7 Sem 1","C","ARTS_MUSIC","MUS","","","","{5D8447E8-7AC3-41F4-9626-5FF4BB634D46}","{A11E71B7-691E-49D1-8F3A-F03F18AD6F33}"
"1MUS07E","1MUS07","Music Year 7 Sem 1E","Music Year 7 Sem 1","E","ARTS_MUSIC","MUS","","","","{9F395F4D-6560-4ECE-910C-84948F4AD1F6}","{A11E71B7-691E-49D1-8F3A-F03F18AD6F33}"
"1MUS08B","1MUS08","Music Year 8 Sem 1B","Music Year 8 Sem 1","B","ARTS_MUSIC","MUS","","","","{95CAE81C-EA80-4FEA-94C7-9B9717CC82BC}","{A11E71B7-691E-49D1-8F3A-F03F18AD6F33}"
"1MUS08D","1MUS08","Music Year 8 Sem 1D","Music Year 8 Sem 1","D","ARTS_MUSIC","MUS","","","","{D0170BB4-C261-4AE8-9FAA-50B7F66E5E04}","{A11E71B7-691E-49D1-8F3A-F03F18AD6F33}"
"1MUS095","1MUS09","Music Year 9 Sem 15","Music Year 9 Sem 1","5","ARTS_MUSIC","MUS","","","","{C3A1C2B7-65D7-4DD5-8908-948BE9E72F5E}","{A11E71B7-691E-49D1-8F3A-F03F18AD6F33}"
"1MUS112","1MUS11","Music Performance Unit 1 VCE2","Music Performance Unit 1 VCE","2","ARTS_MUSIC","MUS","MC011","2","","{3A7F775C-E452-4FAA-97CB-1386F9E55BD3}","{A11E71B7-691E-49D1-8F3A-F03F18AD6F33}"
"1MUS122","1MUS12","Music Performance Unit 3 VCE2","Music Performance Unit 3 VCE","2","ARTS_MUSIC","MUS","","","","{2385F2F9-1152-4FD0-AA24-2AE80791768D}","{A11E71B7-691E-49D1-8F3A-F03F18AD6F33}"
"1OED101","1OED10","Exploring the Outdoors Year 10 Sem 11","Exploring the Outdoors Year 10 Sem 1","1","HEALTHPED_PED","PED","","","","{2AFD51AA-9994-44B9-9363-EB295E2CC427}","{2190B9E3-2C62-4FBC-9D68-1D2AF28DD4D0}"
"1OED103","1OED10","Exploring the Outdoors Year 10 Sem 13","Exploring the Outdoors Year 10 Sem 1","3","HEALTHPED_PED","PED","","","","{98E9299A-4CFF-4FFA-9E1F-C425E0907343}","{2190B9E3-2C62-4FBC-9D68-1D2AF28DD4D0}"
"1PAS07A","1PAS07","PASE Year 7 Sem 1A","PASE Year 7 Sem 1","A","HEALTHPED_PED","PED","","","","{3B1B5E6E-7D0D-4F7B-806B-CFBDBD719513}","{2190B9E3-2C62-4FBC-9D68-1D2AF28DD4D0}"
"1PAS07B","1PAS07","PASE Year 7 Sem 1B","PASE Year 7 Sem 1","B","HEALTHPED_PED","PED","","","","{E36E2110-EE1A-43A6-977E-6BB7244B0335}","{2190B9E3-2C62-4FBC-9D68-1D2AF28DD4D0}"
"1PAS07C","1PAS07","PASE Year 7 Sem 1C","PASE Year 7 Sem 1","C","HEALTHPED_PED","PED","","","","{29FF83EB-DE12-41E3-9515-F2D343B28B2B}","{2190B9E3-2C62-4FBC-9D68-1D2AF28DD4D0}"
"1PCR01E","1PCR01","Pastoral Care English Language Sem 1E","Pastoral Care English Language Sem 1","E","PCR","PCR","","","","{D1D1C393-DAEB-475B-A2C6-F0ACAE30EEC3}","{FA72734B-1106-4897-80C6-A2FC310F8969}"
"1PCR07A","1PCR07","Pastoral Care Year 7 Sem 1A","Pastoral Care Year 7 Sem 1","A","PCR","PCR","","","","{392AD5AD-8371-4FF9-8090-06A7EFC7EB2B}","{FA72734B-1106-4897-80C6-A2FC310F8969}"
"1PCR07B","1PCR07","Pastoral Care Year 7 Sem 1B","Pastoral Care Year 7 Sem 1","B","PCR","PCR","","","","{342475C7-57AE-4DA4-B0D7-C62949200C46}","{FA72734B-1106-4897-80C6-A2FC310F8969}"
"1PCR07C","1PCR07","Pastoral Care Year 7 Sem 1C","Pastoral Care Year 7 Sem 1","C","PCR","PCR","","","","{26C0E51C-38C8-44B9-A2A6-777CE5C6EEB7}","{FA72734B-1106-4897-80C6-A2FC310F8969}"
"1PCR07D","1PCR07","Pastoral Care Year 7 Sem 1D","Pastoral Care Year 7 Sem 1","D","PCR","PCR","","","","{0929BB5F-10D1-4D4A-8247-41507CF80C45}","{FA72734B-1106-4897-80C6-A2FC310F8969}"
"1PCR07E","1PCR07","Pastoral Care Year 7 Sem 1E","Pastoral Care Year 7 Sem 1","E","PCR","PCR","","","","{FF3015AE-0335-41E4-9937-DB1195A15EE0}","{FA72734B-1106-4897-80C6-A2FC310F8969}"
"1PCR08A","1PCR08","Pastoral Care Year 8 Sem 1A","Pastoral Care Year 8 Sem 1","A","PCR","PCR","","","","{D35256EC-72F8-4DE6-B02F-17104988A573}","{FA72734B-1106-4897-80C6-A2FC310F8969}"
"1PCR08B","1PCR08","Pastoral Care Year 8 Sem 1B","Pastoral Care Year 8 Sem 1","B","PCR","PCR","","","","{9B5125FE-E2BA-4E85-A2EC-66956B6A8B58}","{FA72734B-1106-4897-80C6-A2FC310F8969}"
"1PCR08C","1PCR08","Pastoral Care Year 8 Sem 1C","Pastoral Care Year 8 Sem 1","C","PCR","PCR","","","","{C03E28B4-C882-41F2-84F9-1CFF766C9BE6}","{FA72734B-1106-4897-80C6-A2FC310F8969}"
"1PCR08D","1PCR08","Pastoral Care Year 8 Sem 1D","Pastoral Care Year 8 Sem 1","D","PCR","PCR","","","","{7A2EC318-B809-4406-BF03-2E7FFF5B50B9}","{FA72734B-1106-4897-80C6-A2FC310F8969}"
"1PCR08E","1PCR08","Pastoral Care Year 8 Sem 1E","Pastoral Care Year 8 Sem 1","E","PCR","PCR","","","","{4F187A3A-5861-4F04-AFD4-93FF87532E95}","{FA72734B-1106-4897-80C6-A2FC310F8969}"
"1PCR09A","1PCR09","Pastoral Care Year 9 Sem 1A","Pastoral Care Year 9 Sem 1","A","PCR","PCR","","","","{88D94F32-5962-4033-B297-BD08F4A37B5E}","{FA72734B-1106-4897-80C6-A2FC310F8969}"
"1PCR09B","1PCR09","Pastoral Care Year 9 Sem 1B","Pastoral Care Year 9 Sem 1","B","PCR","PCR","","","","{F727F757-D727-4204-B358-8EA07C32CF92}","{FA72734B-1106-4897-80C6-A2FC310F8969}"
"1PCR09C","1PCR09","Pastoral Care Year 9 Sem 1C","Pastoral Care Year 9 Sem 1","C","PCR","PCR","","","","{659A83E8-4DF6-4896-B44A-3FC8E279DC3C}","{FA72734B-1106-4897-80C6-A2FC310F8969}"
"1PCR09D","1PCR09","Pastoral Care Year 9 Sem 1D","Pastoral Care Year 9 Sem 1","D","PCR","PCR","","","","{9B497279-BB5B-4C48-9067-39145021095E}","{FA72734B-1106-4897-80C6-A2FC310F8969}"
"1PCR09E","1PCR09","Pastoral Care Year 9 Sem 1E","Pastoral Care Year 9 Sem 1","E","PCR","PCR","","","","{11F3240A-EEEF-48D6-A506-C3DBA2139869}","{FA72734B-1106-4897-80C6-A2FC310F8969}"
"1PCR09F","1PCR09","Pastoral Care Year 9 Sem 1F","Pastoral Care Year 9 Sem 1","F","PCR","PCR","","","","{7C683290-18A2-4202-B2E1-10D063ECE29C}","{FA72734B-1106-4897-80C6-A2FC310F8969}"
"1PCR10A","1PCR10","Pastoral Care Year 10 Sem 1A","Pastoral Care Year 10 Sem 1","A","PCR","PCR","","","","{64716A3E-2A4E-4BD4-87A6-A90240DC9456}","{FA72734B-1106-4897-80C6-A2FC310F8969}"
"1PCR10B","1PCR10","Pastoral Care Year 10 Sem 1B","Pastoral Care Year 10 Sem 1","B","PCR","PCR","","","","{A5571A04-168A-45E0-A96B-D61A6E840F81}","{FA72734B-1106-4897-80C6-A2FC310F8969}"
"1PCR10C","1PCR10","Pastoral Care Year 10 Sem 1C","Pastoral Care Year 10 Sem 1","C","PCR","PCR","","","","{2942AEC5-6F73-4BE7-BD97-982010CDDD52}","{FA72734B-1106-4897-80C6-A2FC310F8969}"
"1PCR10D","1PCR10","Pastoral Care Year 10 Sem 1D","Pastoral Care Year 10 Sem 1","D","PCR","PCR","","","","{F4FDD5DF-42E7-4D0B-BAA5-7031B8D43C51}","{FA72734B-1106-4897-80C6-A2FC310F8969}"
"1PCR10E","1PCR10","Pastoral Care Year 10 Sem 1E","Pastoral Care Year 10 Sem 1","E","PCR","PCR","","","","{9E5D9925-92F3-47C5-90B1-83C78CBF2813}","{FA72734B-1106-4897-80C6-A2FC310F8969}"
"1PCR10F","1PCR10","Pastoral Care Year 10 Sem 1F","Pastoral Care Year 10 Sem 1","F","PCR","PCR","","","","{0A05F51F-B769-4672-9F78-40D8F6B5C1B8}","{FA72734B-1106-4897-80C6-A2FC310F8969}"
"1PCR10G","1PCR10","Pastoral Care Year 10 Sem 1G","Pastoral Care Year 10 Sem 1","G","PCR","PCR","","","","{0D68589F-AB0E-4769-B79F-F720659902D8}","{FA72734B-1106-4897-80C6-A2FC310F8969}"
"1PCR10H","1PCR10","Pastoral Care Year 10 Sem 1H","Pastoral Care Year 10 Sem 1","H","PCR","PCR","","","","{0F979E17-160D-4079-8928-40212CB5E020}","{FA72734B-1106-4897-80C6-A2FC310F8969}"
"1PCR11A","1PCR11","Pastoral Care Year 11 Sem 1A","Pastoral Care Year 11 Sem 1","A","PCR","PCR","","","","{D8FDFA3A-7A7C-40B9-A530-26C8B1F0843E}","{FA72734B-1106-4897-80C6-A2FC310F8969}"
"1PCR11B","1PCR11","Pastoral Care Year 11 Sem 1B","Pastoral Care Year 11 Sem 1","B","PCR","PCR","","","","{2042B9F7-2017-407B-BB09-96DD06DC6F6D}","{FA72734B-1106-4897-80C6-A2FC310F8969}"
"1PCR11C","1PCR11","Pastoral Care Year 11 Sem 1C","Pastoral Care Year 11 Sem 1","C","PCR","PCR","","","","{8EC4B4AF-13CC-4351-B025-7C5EC3292FB9}","{FA72734B-1106-4897-80C6-A2FC310F8969}"
"1PCR11D","1PCR11","Pastoral Care Year 11 Sem 1D","Pastoral Care Year 11 Sem 1","D","PCR","PCR","","","","{5F838116-E81A-4DCB-96E1-7926EBE7F16B}","{FA72734B-1106-4897-80C6-A2FC310F8969}"
"1PCR11E","1PCR11","Pastoral Care Year 11 Sem 1E","Pastoral Care Year 11 Sem 1","E","PCR","PCR","","","","{A692B589-F97E-4FF4-808F-7FE4E4D93E75}","{FA72734B-1106-4897-80C6-A2FC310F8969}"
"1PCR11V","1PCR11","Pastoral Care Year 11 Sem 1V","Pastoral Care Year 11 Sem 1","V","PCR","PCR","","","","{75566A07-3E47-4F58-A025-AB05686DDCA1}","{FA72734B-1106-4897-80C6-A2FC310F8969}"
"1PCR12A","1PCR12","Pastoral Care Year 12 Sem 1A","Pastoral Care Year 12 Sem 1","A","PCR","PCR","","","","{C547A9A4-5402-41A9-862E-E11742365701}","{FA72734B-1106-4897-80C6-A2FC310F8969}"
"1PCR12B","1PCR12","Pastoral Care Year 12 Sem 1B","Pastoral Care Year 12 Sem 1","B","PCR","PCR","","","","{8A759926-A742-40B0-B04A-88996CC099DA}","{FA72734B-1106-4897-80C6-A2FC310F8969}"
"1PCR12C","1PCR12","Pastoral Care Year 12 Sem 1C","Pastoral Care Year 12 Sem 1","C","PCR","PCR","","","","{3082ED42-2826-4585-91F4-4952E4DE2AE1}","{FA72734B-1106-4897-80C6-A2FC310F8969}"
"1PCR12D","1PCR12","Pastoral Care Year 12 Sem 1D","Pastoral Care Year 12 Sem 1","D","PCR","PCR","","","","{538D95EB-2606-4DEE-B851-4EA75EF88CD5}","{FA72734B-1106-4897-80C6-A2FC310F8969}"
"1PCR12E","1PCR12","Pastoral Care Year 12 Sem 1E","Pastoral Care Year 12 Sem 1","E","PCR","PCR","","","","{0D85A8AE-6D0D-47C1-8DDB-173B7B2AB046}","{FA72734B-1106-4897-80C6-A2FC310F8969}"
"1PCR12F","1PCR12","Pastoral Care Year 12 Sem 1F","Pastoral Care Year 12 Sem 1","F","PCR","PCR","","","","{77D93793-D86F-46C5-A0B4-770DF04DA3C2}","{FA72734B-1106-4897-80C6-A2FC310F8969}"
"1PCR12V","1PCR12","Pastoral Care Year 12 Sem 1V","Pastoral Care Year 12 Sem 1","V","PCR","PCR","","","","{DA9ED15C-EAEC-4F3A-A915-64C9BECC642A}","{FA72734B-1106-4897-80C6-A2FC310F8969}"
"1PED07A","1PED07","Physical Education Year 7 Sem 1A","Physical Education Year 7 Sem 1","A","HEALTHPED_PED","PED","","","","{C72EA49F-3B86-4B9C-AD61-2847AB1A4577}","{2190B9E3-2C62-4FBC-9D68-1D2AF28DD4D0}"
"1PED07B","1PED07","Physical Education Year 7 Sem 1B","Physical Education Year 7 Sem 1","B","HEALTHPED_PED","PED","","","","{3256C09F-B84F-4EBF-8443-3137A366F6EB}","{2190B9E3-2C62-4FBC-9D68-1D2AF28DD4D0}"
"1PED07C","1PED07","Physical Education Year 7 Sem 1C","Physical Education Year 7 Sem 1","C","HEALTHPED_PED","PED","","","","{8F7A1D41-FA0C-40E8-8C20-1DDF6C425DE7}","{2190B9E3-2C62-4FBC-9D68-1D2AF28DD4D0}"
"1PED07D","1PED07","Physical Education Year 7 Sem 1D","Physical Education Year 7 Sem 1","D","HEALTHPED_PED","PED","","","","{AE8070B3-5DFF-43C1-BC98-CC401B332A14}","{2190B9E3-2C62-4FBC-9D68-1D2AF28DD4D0}"
"1PED07E","1PED07","Physical Education Year 7 Sem 1E","Physical Education Year 7 Sem 1","E","HEALTHPED_PED","PED","","","","{9EB71CA9-6997-4A98-96B1-8738FAA69FA5}","{2190B9E3-2C62-4FBC-9D68-1D2AF28DD4D0}"
"1PED08A","1PED08","Physical Education Year 8 Sem 1A","Physical Education Year 8 Sem 1","A","HEALTHPED_PED","PED","","","","{D60D6DC9-17EB-464C-9FA5-EBF282BD129B}","{2190B9E3-2C62-4FBC-9D68-1D2AF28DD4D0}"
"1PED08B","1PED08","Physical Education Year 8 Sem 1B","Physical Education Year 8 Sem 1","B","HEALTHPED_PED","PED","","","","{32597AD2-A4A8-4B15-BC9E-EB3C5514F865}","{2190B9E3-2C62-4FBC-9D68-1D2AF28DD4D0}"
"1PED08C","1PED08","Physical Education Year 8 Sem 1C","Physical Education Year 8 Sem 1","C","HEALTHPED_PED","PED","","","","{27EC9F34-C452-4362-9160-1966E9AEA13F}","{2190B9E3-2C62-4FBC-9D68-1D2AF28DD4D0}"
"1PED08D","1PED08","Physical Education Year 8 Sem 1D","Physical Education Year 8 Sem 1","D","HEALTHPED_PED","PED","","","","{F1B43F72-D48C-4BA6-9D47-27064825D66D}","{2190B9E3-2C62-4FBC-9D68-1D2AF28DD4D0}"
"1PED08E","1PED08","Physical Education Year 8 Sem 1E","Physical Education Year 8 Sem 1","E","HEALTHPED_PED","PED","","","","{84431E0C-2F2C-43B5-AB1E-C0914E4B7FFE}","{2190B9E3-2C62-4FBC-9D68-1D2AF28DD4D0}"
"1PED09A","1PED09","Physical Education Year 9 Sem 1A","Physical Education Year 9 Sem 1","A","HEALTHPED_PED","PED","","","","{C3A7B215-C482-4BFC-91DC-9FC4F853A026}","{2190B9E3-2C62-4FBC-9D68-1D2AF28DD4D0}"
"1PED09B","1PED09","Physical Education Year 9 Sem 1B","Physical Education Year 9 Sem 1","B","HEALTHPED_PED","PED","","","","{1E59296D-707E-4F59-9551-876B4F5DB220}","{2190B9E3-2C62-4FBC-9D68-1D2AF28DD4D0}"
"1PED09C","1PED09","Physical Education Year 9 Sem 1C","Physical Education Year 9 Sem 1","C","HEALTHPED_PED","PED","","","","{5898E5E7-2079-4E3A-9C57-7DE3FB1FE20F}","{2190B9E3-2C62-4FBC-9D68-1D2AF28DD4D0}"
"1PED09D","1PED09","Physical Education Year 9 Sem 1D","Physical Education Year 9 Sem 1","D","HEALTHPED_PED","PED","","","","{9E7927EC-B0C2-4A52-BEE7-E95514AF7405}","{2190B9E3-2C62-4FBC-9D68-1D2AF28DD4D0}"
"1PED09E","1PED09","Physical Education Year 9 Sem 1E","Physical Education Year 9 Sem 1","E","HEALTHPED_PED","PED","","","","{BDB86FCF-7976-4125-A0B2-01189C42BB72}","{2190B9E3-2C62-4FBC-9D68-1D2AF28DD4D0}"
"1PED09F","1PED09","Physical Education Year 9 Sem 1F","Physical Education Year 9 Sem 1","F","HEALTHPED_PED","PED","","","","{D5E8BFB5-67C9-496A-9817-DA6EC5272D43}","{2190B9E3-2C62-4FBC-9D68-1D2AF28DD4D0}"
"1PED102","1PED10","Physical Education Year 10 Sem 12","Physical Education Year 10 Sem 1","2","HEALTHPED_PED","PED","","","","{B372D25E-BA96-4CFF-8403-6445CAA920F3}","{2190B9E3-2C62-4FBC-9D68-1D2AF28DD4D0}"
"1PED113","1PED11","Physical Education Unit 1 VCE3","Physical Education Unit 1 VCE","3","HEALTHPED_PED","PED","PE011","3","","{16B4B893-0E69-491C-996E-509DB39C7AFF}","{2190B9E3-2C62-4FBC-9D68-1D2AF28DD4D0}"
"1PED115","1PED11","Physical Education Unit 1 VCE5","Physical Education Unit 1 VCE","5","HEALTHPED_PED","PED","PE011","5","","{FB42442F-3AAD-4272-894F-5BD0F3ACE14F}","{2190B9E3-2C62-4FBC-9D68-1D2AF28DD4D0}"
"1PED121","1PED12","Physical Education Unit 3 VCE1","Physical Education Unit 3 VCE","1","HEALTHPED_PED","PED","PE033","1","","{14871FBB-54F8-4288-A6D2-28684AB5054D}","{2190B9E3-2C62-4FBC-9D68-1D2AF28DD4D0}"
"1PED124","1PED12","Physical Education Unit 3 VCE4","Physical Education Unit 3 VCE","4","HEALTHPED_PED","PED","PE033","4","","{F80F945F-9D35-46AA-B4B7-5993C8B1D0B7}","{2190B9E3-2C62-4FBC-9D68-1D2AF28DD4D0}"
"1PES107","1PES10","Exercise Science Year 10 Sem 1 Wed7","Exercise Science Year 10 Sem 1 Wed","7","HEALTHPED_HHD","HHD","","","","{10EFC6DA-DD68-44B2-8FC0-41321CF6FF57}","{B35B2C99-72F8-47AE-96D0-D7016803F455}"
"1PFR095","1PFR09","Physical Fitness and Recreation Year 9 Sem 15","Physical Fitness and Recreation Year 9 Sem 1","5","HEALTHPED_PED","PED","","","","{7BEF8AB4-19EB-45F5-9C02-A4D971B757B2}","{2190B9E3-2C62-4FBC-9D68-1D2AF28DD4D0}"
"1PFR096","1PFR09","Physical Fitness and Recreation Year 9 Sem 16","Physical Fitness and Recreation Year 9 Sem 1","6","HEALTHPED_PED","PED","","","","{ED8C1532-A971-4883-99A4-FB4F8EBA3E52}","{2190B9E3-2C62-4FBC-9D68-1D2AF28DD4D0}"
"1PFR102","1PFR10","Physical Fitness and Recreation Year 10 Sem 12","Physical Fitness and Recreation Year 10 Sem 1","2","HEALTHPED_PED","PED","","","","{D01F822D-9198-4DF0-812A-688AFD19E1FF}","{2190B9E3-2C62-4FBC-9D68-1D2AF28DD4D0}"
"1PFR104","1PFR10","Physical Fitness and Recreation Year 10 Sem 14","Physical Fitness and Recreation Year 10 Sem 1","4","HEALTHPED_PED","PED","","","","{12C81D5D-2428-414E-870F-75983B40033D}","{2190B9E3-2C62-4FBC-9D68-1D2AF28DD4D0}"
"1PFR105","1PFR10","Physical Fitness and Recreation Year 10 Sem 15","Physical Fitness and Recreation Year 10 Sem 1","5","HEALTHPED_PED","PED","","","","{A0ED5BF9-F32C-4933-A5A9-AA68C5FC973C}","{2190B9E3-2C62-4FBC-9D68-1D2AF28DD4D0}"
"1PFR106","1PFR10","Physical Fitness and Recreation Year 10 Sem 16","Physical Fitness and Recreation Year 10 Sem 1","6","HEALTHPED_PED","PED","","","","{9E0F2F29-A1F1-4D01-85D4-AB7EEC81627F}","{2190B9E3-2C62-4FBC-9D68-1D2AF28DD4D0}"
"1PHY116","1PHY11","Physics Unit 1 VCE6","Physics Unit 1 VCE","6","SCIENCE_PHYSICS","PHY","PH011","6","","{248D62DF-2B43-496C-962F-F07132CC2C22}","{2E1B153A-CE29-42CA-BDC7-A1A1171BBE9C}"
"1PHY124","1PHY12","Physics Unit 3 VCE4","Physics Unit 3 VCE","4","SCIENCE_PHYSICS","PHY","PH033","4","","{E07F601B-0C82-4D23-8C05-70D711E09E77}","{2E1B153A-CE29-42CA-BDC7-A1A1171BBE9C}"
"1PIH107","1PIH10","Inside Health Year 10 Sem 1 Wed7","Inside Health Year 10 Sem 1 Wed","7","HEALTHPED_HHD","HHD","","","","{3BF569C8-4AFE-4443-B997-F000FF3214E5}","{B35B2C99-72F8-47AE-96D0-D7016803F455}"
"1PSY096","1PSY09","Psychology Year 9 Sem 16","Psychology Year 9 Sem 1","6","SCIENCE_PSYCHOLOGY","PSY","","","","{18BDDA46-907D-472E-BB58-99475F3EC765}","{91FB4D8A-A9CA-4145-A19F-07F2F8F7E95D}"
"1PSY113","1PSY11","Psychology Unit 1 VCE3","Psychology Unit 1 VCE","3","SCIENCE_PSYCHOLOGY","PSY","PY011","3","","{14BBA4A0-6820-4012-A9F3-754E77C88C0D}","{91FB4D8A-A9CA-4145-A19F-07F2F8F7E95D}"
"1PSY115","1PSY11","Psychology Unit 1 VCE5","Psychology Unit 1 VCE","5","SCIENCE_PSYCHOLOGY","PSY","PY011","5","","{136C2279-6A16-4AA4-A0EC-634378A1DC91}","{91FB4D8A-A9CA-4145-A19F-07F2F8F7E95D}"
"1PSY122","1PSY12","Psychology Unit 3 VCE2","Psychology Unit 3 VCE","2","SCIENCE_PSYCHOLOGY","PSY","PY033","2","","{822B5B94-B530-4C76-BC47-70D6405CB7F5}","{91FB4D8A-A9CA-4145-A19F-07F2F8F7E95D}"
"1PSY124","1PSY12","Psychology Unit 3 VCE4","Psychology Unit 3 VCE","4","SCIENCE_PSYCHOLOGY","PSY","PY033","4","","{F9709FAC-EA73-463E-91F6-F34928D41833}","{91FB4D8A-A9CA-4145-A19F-07F2F8F7E95D}"
"1SCE106","1SCE10","Environmental Science Year 10 Sem 16","Environmental Science Year 10 Sem 1","6","SCIENCE_SCIENCE JUNIOR","SCI","","","","{49D9DCE8-4C84-42A8-B0D1-1AF284C30F04}","{17D16DD2-9787-4622-BAA0-C6B9A937BD36}"
"1SCI07A","1SCI07","Science Year 7 Sem 1A","Science Year 7 Sem 1","A","SCIENCE_SCIENCE JUNIOR","SCI","","","","{2A860858-ABDA-45CF-A417-19F156787F0B}","{17D16DD2-9787-4622-BAA0-C6B9A937BD36}"
"1SCI07B","1SCI07","Science Year 7 Sem 1B","Science Year 7 Sem 1","B","SCIENCE_SCIENCE JUNIOR","SCI","","","","{49E84310-5252-43FB-80BF-DE06A4FC9470}","{17D16DD2-9787-4622-BAA0-C6B9A937BD36}"
"1SCI07C","1SCI07","Science Year 7 Sem 1C","Science Year 7 Sem 1","C","SCIENCE_SCIENCE JUNIOR","SCI","","","","{237A630A-BEFD-4FBB-ABC7-FFC7BA0C0C59}","{17D16DD2-9787-4622-BAA0-C6B9A937BD36}"
"1SCI07D","1SCI07","Science Year 7 Sem 1D","Science Year 7 Sem 1","D","SCIENCE_SCIENCE JUNIOR","SCI","","","","{888FBE40-FBCB-4A10-A3F8-79977443451E}","{17D16DD2-9787-4622-BAA0-C6B9A937BD36}"
"1SCI07E","1SCI07","Science Year 7 Sem 1E","Science Year 7 Sem 1","E","SCIENCE_SCIENCE JUNIOR","SCI","","","","{739F11B5-BC7F-4716-B423-5E47392FBF65}","{17D16DD2-9787-4622-BAA0-C6B9A937BD36}"
"1SCI08A","1SCI08","Science Year 8 Sem 1A","Science Year 8 Sem 1","A","SCIENCE_SCIENCE JUNIOR","SCI","","","","{F7F18BB6-A034-4A4A-B035-29730934DB7E}","{17D16DD2-9787-4622-BAA0-C6B9A937BD36}"
"1SCI08B","1SCI08","Science Year 8 Sem 1B","Science Year 8 Sem 1","B","SCIENCE_SCIENCE JUNIOR","SCI","","","","{9E7D6E92-BAA4-49A0-86D9-536CB08BB25C}","{17D16DD2-9787-4622-BAA0-C6B9A937BD36}"
"1SCI08C","1SCI08","Science Year 8 Sem 1C","Science Year 8 Sem 1","C","SCIENCE_SCIENCE JUNIOR","SCI","","","","{908E3BD6-9E7B-47CF-AB60-B8CD0AE10AF3}","{17D16DD2-9787-4622-BAA0-C6B9A937BD36}"
"1SCI08D","1SCI08","Science Year 8 Sem 1D","Science Year 8 Sem 1","D","SCIENCE_SCIENCE JUNIOR","SCI","","","","{F2556D3D-9E89-4274-9B6C-34730446FCEE}","{17D16DD2-9787-4622-BAA0-C6B9A937BD36}"
"1SCI08E","1SCI08","Science Year 8 Sem 1E","Science Year 8 Sem 1","E","SCIENCE_SCIENCE JUNIOR","SCI","","","","{3940E0A0-E451-4285-B2A8-7961F279B6DA}","{17D16DD2-9787-4622-BAA0-C6B9A937BD36}"
"1SCI09A","1SCI09","Science Year 9 Sem 1A","Science Year 9 Sem 1","A","SCIENCE_SCIENCE JUNIOR","SCI","","","","{AB2921A3-6A97-4391-87A3-0E4EE1EF5028}","{17D16DD2-9787-4622-BAA0-C6B9A937BD36}"
"1SCI09B","1SCI09","Science Year 9 Sem 1B","Science Year 9 Sem 1","B","SCIENCE_SCIENCE JUNIOR","SCI","","","","{7AA1AF34-B433-4EE0-BB9E-831C23DADD05}","{17D16DD2-9787-4622-BAA0-C6B9A937BD36}"
"1SCI09C","1SCI09","Science Year 9 Sem 1C","Science Year 9 Sem 1","C","SCIENCE_SCIENCE JUNIOR","SCI","","","","{869AAD1F-E901-49EB-89D0-17257BD71181}","{17D16DD2-9787-4622-BAA0-C6B9A937BD36}"
"1SCI09D","1SCI09","Science Year 9 Sem 1D","Science Year 9 Sem 1","D","SCIENCE_SCIENCE JUNIOR","SCI","","","","{92B82CB7-C3E6-490C-9B74-31D010439AC7}","{17D16DD2-9787-4622-BAA0-C6B9A937BD36}"
"1SCI09E","1SCI09","Science Year 9 Sem 1E","Science Year 9 Sem 1","E","SCIENCE_SCIENCE JUNIOR","SCI","","","","{EB94B094-4C97-4B3B-A03D-A6E9B305365C}","{17D16DD2-9787-4622-BAA0-C6B9A937BD36}"
"1SCI09F","1SCI09","Science Year 9 Sem 1F","Science Year 9 Sem 1","F","SCIENCE_SCIENCE JUNIOR","SCI","","","","{FC64892F-8D51-47B9-83B0-E77195B2431E}","{17D16DD2-9787-4622-BAA0-C6B9A937BD36}"
"1SCI101","1SCI10","Science Year 10 Sem 11","Science Year 10 Sem 1","1","SCIENCE_SCIENCE JUNIOR","SCI","","","","{AF3EDDE9-B83E-468D-966E-892FB708ABDA}","{17D16DD2-9787-4622-BAA0-C6B9A937BD36}"
"1SCI102","1SCI10","Science Year 10 Sem 12","Science Year 10 Sem 1","2","SCIENCE_SCIENCE JUNIOR","SCI","","","","{22B6AD8E-A356-46B1-9021-56633ECD697C}","{17D16DD2-9787-4622-BAA0-C6B9A937BD36}"
"1SCI103","1SCI10","Science Year 10 Sem 13","Science Year 10 Sem 1","3","SCIENCE_SCIENCE JUNIOR","SCI","","","","{4061DF84-1EB6-48AD-B0BB-93C7DA4A9D47}","{17D16DD2-9787-4622-BAA0-C6B9A937BD36}"
"1SCI104","1SCI10","Science Year 10 Sem 14","Science Year 10 Sem 1","4","SCIENCE_SCIENCE JUNIOR","SCI","","","","{7D6DB542-993D-4E46-A7B4-2C6CD0D7E81A}","{17D16DD2-9787-4622-BAA0-C6B9A937BD36}"
"1SCI105A","1SCI10","Science Year 10 Sem 15A","Science Year 10 Sem 1","5A","SCIENCE_SCIENCE JUNIOR","SCI","","","","{7E39F66E-8034-4E56-838D-6ED46112043E}","{17D16DD2-9787-4622-BAA0-C6B9A937BD36}"
"1SCI105B","1SCI10","Science Year 10 Sem 15B","Science Year 10 Sem 1","5B","SCIENCE_SCIENCE JUNIOR","SCI","","","","{121C3213-F1AF-4C30-82A0-41AFCD871766}","{17D16DD2-9787-4622-BAA0-C6B9A937BD36}"
"1SCI106","1SCI10","Science Year 10 Sem 16","Science Year 10 Sem 1","6","SCIENCE_SCIENCE JUNIOR","SCI","","","","{1BB236B9-A1A3-46F8-B98E-EC4948FE30AB}","{17D16DD2-9787-4622-BAA0-C6B9A937BD36}"
"1SFS095","1SFS09","Forensic Science Year 9 Sem 15","Forensic Science Year 9 Sem 1","5","SCIENCE_SCIENCE JUNIOR","SCI","","","","{B9502572-A3BE-4853-9B38-58E1D64BD921}","{17D16DD2-9787-4622-BAA0-C6B9A937BD36}"
"1STM107","1STM10","STEM10 Year 10 Sem 1 Wed7","STEM10 Year 10 Sem 1 Wed","7","SCIENCE_SCIENCE JUNIOR","SCI","","","","{C95A97B0-1828-4DA1-8007-D3042BE99728}","{17D16DD2-9787-4622-BAA0-C6B9A937BD36}"
"1VCD124","1VCD12","Visual Com & Design Unit 3 VCE4","Visual Com & Design Unit 3 VCE","4","ARTS_VISUAL ARTS","ART","VC033","4","","{B58B9806-6351-452A-81A5-544461590756}","{FA553E4A-32C4-4874-AB53-EB753F4D03B6}"
"1VLIT111","1VLIT11","Vocational Major Literacy Year 11 Sem 11","Vocational Major Literacy Year 11 Sem 1","1","VCAL","VCAL","LT031","1","","{74C891E0-42CD-4801-98C9-7681F6013478}","{954A7A22-B281-4676-9000-1986A03355F3}"
"1VLIT124","1VLIT12","Vocational Major Literacy Year 12 Sem 14","Vocational Major Literacy Year 12 Sem 1","4","VCAL","VCAL","LT033","4","","{02200640-3973-4458-8C2E-1CE3A3021FBA}","{954A7A22-B281-4676-9000-1986A03355F3}"
"1VNUM112","1VNUM11","Vocational Major Foundation Maths Unit 1 VCE2","Vocational Major Foundation Maths Unit 1 VCE","2","VCAL","VCAL","MA101","2","","{28127373-83C7-4074-8268-B9814EEE3EEA}","{954A7A22-B281-4676-9000-1986A03355F3}"
"1VNUM122","1VNUM12","Vocational Major Numeracy Year 12 Sem 12","Vocational Major Numeracy Year 12 Sem 1","2","VCAL","VCAL","NM033","2","","{246E0636-C5F1-45FE-BE1E-CD3B54686926}","{954A7A22-B281-4676-9000-1986A03355F3}"
"1VPD116","1VPD11","Voc. Major Personal Develop. Year 11 Sem 16","Voc. Major Personal Develop. Year 11 Sem 1","6","PCR","PCR","PD031","6","","{CEEB64D3-16CC-4FA0-A9D0-25AEA377BB37}","{FA72734B-1106-4897-80C6-A2FC310F8969}"
"1VPD123","1VPD12","Vocational Major Personal Development Unit 3 VCE3","Vocational Major Personal Development Unit 3 VCE","3","VCAL","VCAL","PD033","3","","{251CF154-8A90-4BF7-8000-9055AE701A66}","{954A7A22-B281-4676-9000-1986A03355F3}"
"1VSR113","1VSR11","VET Sport and Recreation Chelt Year 13","VET Sport and Recreation Chelt Year 1","3","HEALTHPED_PED","PED","","","","{F9C2EEAB-2CA0-4830-95C6-152F7C88EDFA}","{2190B9E3-2C62-4FBC-9D68-1D2AF28DD4D0}"
"1VWRS115","1VWRS11","Voc. Major Work Related Skills Year 11 Sem 15","Voc. Major Work Related Skills Year 11 Sem 1","5","VCAL","VCAL","WR031","5","","{6E2D0A78-A6ED-493A-8203-0FA8FBB01CFA}","{954A7A22-B281-4676-9000-1986A03355F3}"
"1VWRS125","1VWRS12","Voc. Major Work Related Skills Year 12 Sem 15","Voc. Major Work Related Skills Year 12 Sem 1","5","VCAL","VCAL","WR033","5","","{315DAC69-633B-40F3-B87E-B3A5AF69BAA7}","{954A7A22-B281-4676-9000-1986A03355F3}"
"1WDA095","1WDA09","Wood A Year 9 Sem 15","Wood A Year 9 Sem 1","5","TECHNOLOGY_MATERIALS","MTR","","","","{D4F75F53-952B-4999-83F1-9C0F9BAE2AD4}","{CBB0EA18-55A7-4461-8856-7AF9AE993A6A}"
"1WDA102","1WDA10","Wood Technology A Year 10 Sem 12","Wood Technology A Year 10 Sem 1","2","TECHNOLOGY_MATERIALS","MTR","","","","{F2BECD2A-D0A6-4B36-B27E-6773DFF6AA32}","{CBB0EA18-55A7-4461-8856-7AF9AE993A6A}"
"1WDT116","1WDT11","Design Technology Wood Unit 1 VCE6","Design Technology Wood Unit 1 VCE","6","TECHNOLOGY_MATERIALS","MTR","DT011","6","","{77B69127-ADFE-4011-ABA2-A5AEBB975968}","{CBB0EA18-55A7-4461-8856-7AF9AE993A6A}"
"1WTD126","1WTD12","Design Technology Wood Unit 3 VCE6","Design Technology Wood Unit 3 VCE","6","TECHNOLOGY_MATERIALS","MTR","DT033","6","","{FAC0DA4B-A2A1-4301-9CA4-3FD6ACCA7524}","{CBB0EA18-55A7-4461-8856-7AF9AE993A6A}"
"1ART106","1ART10","Studio Art 2D Year 10 Sem 106","Studio Art 2D Year 10 Sem 1","6","ARTS_VISUAL ARTS","ART","","","","{7B85E998-1F30-418B-A674-83B2E8254E1C}","{FA553E4A-32C4-4874-AB53-EB753F4D03B6}"
"1CBD091A","1CBD09","Connect Bio Dash Year 9 Sem 11A","Connect Bio Dash Year 9 Sem 1","1A","CONNECT_CONNECT","CCT09","","","","{5BC9B8C3-A044-4023-94CC-7D2B4ED91275}","{6823268D-BEF8-4B5B-80A0-64E78AAF7411}"
"1CBD091B","1CBD09","Connect Bio Dash Year 9 Sem 11B","Connect Bio Dash Year 9 Sem 1","1B","CONNECT_CONNECT","CCT09","","","","{E2425DC2-C435-4926-94D9-FF4D006BA8A7}","{6823268D-BEF8-4B5B-80A0-64E78AAF7411}"
"1CBD091C","1CBD09","Connect Bio Dash Year 9 Sem 11C","Connect Bio Dash Year 9 Sem 1","1C","CONNECT_CONNECT","CCT09","","","","{7FC2890D-A1A8-442A-A18C-0B04DD10BCCC}","{6823268D-BEF8-4B5B-80A0-64E78AAF7411}"
"1CBD091D","1CBD09","Connect Bio Dash Year 9 Sem 11D","Connect Bio Dash Year 9 Sem 1","1D","CONNECT_CONNECT","CCT09","","","","{700D654B-0CD5-48DF-A981-DEA4C5BD10EE}","{6823268D-BEF8-4B5B-80A0-64E78AAF7411}"
"1CBD091E","1CBD09","Connect Bio Dash Year 9 Sem 11E","Connect Bio Dash Year 9 Sem 1","1E","CONNECT_CONNECT","CCT09","","","","{B387BCEC-541B-49CA-A20B-845778A470A6}","{6823268D-BEF8-4B5B-80A0-64E78AAF7411}"
"1CBD091F","1CBD09","Connect Bio Dash Year 9 Sem 11F","Connect Bio Dash Year 9 Sem 1","1F","CONNECT_CONNECT","CCT09","","","","{7C220A28-FFD1-4156-B19A-FA49F3EEBA4A}","{6823268D-BEF8-4B5B-80A0-64E78AAF7411}"
"1PCG08A","1PCG08","PASE Court Games Year 8 Sem 1A","PASE Court Games Year 8 Sem 1","A","HEALTHPED_PED","PED","","","","{39F52909-E1AE-4E6B-8B1F-0738CB2B947A}","{2190B9E3-2C62-4FBC-9D68-1D2AF28DD4D0}"
"1PFS08B","1PFS08","PASE Field Sports Year 8 Sem 1B","PASE Field Sports Year 8 Sem 1","B","HEALTHPED_PED","PED","","","","{329814A5-126F-4F8F-B48D-38C30C9B61AF}","{2190B9E3-2C62-4FBC-9D68-1D2AF28DD4D0}"
"1PNG08C","1PNG08","PASE Net Games Year 8 Sem 1C","PASE Net Games Year 8 Sem 1","C","HEALTHPED_PED","PED","","","","{9A194667-FC10-47E9-8032-2D7B3339FB8E}","{2190B9E3-2C62-4FBC-9D68-1D2AF28DD4D0}"
