"Day No","Period No","Roll Class Code","Class Code","Teacher Code","Room Code"
"4","1","08A","1PCG08A","ANM","GYM1"
"4","1","08B","1PFS08B","MLM","GYM2"
"4","1","08C","1PNG08C","SMA","GYM3"
"4","2","08A","1PCG08A","ANM","GYM1"
"4","2","08B","1PFS08B","MLM","GYM2"
"4","2","08C","1PNG08C","SMA","GYM3"
"9","5","08A","1PCG08A","ANM","GYM1"
"9","5","08B","1PFS08B","MLM","GYM2"
"9","5","08C","1PNG08C","SMA","GYM3"
"9","6","08A","1PCG08A","ANM","GYM1"
"9","6","08B","1PFS08B","MLM","GYM2"
"9","6","08C","1PNG08C","SMA","GYM3"
"3","5","12","1DED128","YOU","B8"
"3","5","11","1DED118","YOU","B8"
"3","6","12","1DED128","YOU","B8"
"3","6","11","1DED118","YOU","B8"
"8","5","12","1DED128","YOU","B8"
"8","5","11","1DED118","YOU","B8"
"8","6","12","1DED128","YOU","B8"
"8","6","11","1DED118","YOU","B8"
"1","5","08D","1LAN08D","FEL","TC3"
"1","5","08D","1EAL08D","CLK","B7"
"1","5","07D","1LAN07D","PAL","TC6"
"1","5","07D","1EAL07D","CLK","B7"
"3","1","08D","1LAN08D","FEL","TC3"
"3","1","08D","1EAL08D","CLK","B7"
"3","1","07D","1LAN07D","PAL","TC5"
"3","1","07D","1EAL07D","CLK","B7"
"5","5","08D","1LAN08D","FEL","TC3"
"5","5","08D","1EAL08D","CLK","B7"
"5","5","07D","1LAN07D","PAL","TC4"
"5","5","07D","1EAL07D","CLK","B7"
"6","5","08D","1LAN08D","FEL","TC3"
"6","5","08D","1EAL08D","CLK","B7"
"6","5","07D","1LAN07D","PAL","TC4"
"6","5","07D","1EAL07D","CLK","B7"
"8","3","08D","1LAN08D","FEL","TC3"
"8","3","08D","1EAL08D","CLK","B7"
"8","3","07D","1LAN07D","PAL","TC4"
"8","3","07D","1EAL07D","CLK","B7"
"10","5","08D","1LAN08D","FEL","TC3"
"10","5","08D","1EAL08D","CLK","B7"
"10","5","07D","1LAN07D","PAL","TC5"
"10","5","07D","1EAL07D","CLK","B7"
"3","5","08A","1PED08A","MLM","GYM1"
"3","5","08C","1PED08C","GIB","GYM3"
"3","6","08A","1PED08A","MLM","GYM1"
"3","6","08C","1PED08C","GIB","GYM3"
"8","5","08A","1PED08A","MLM","GYM1"
"8","5","08C","1PED08C","GIB","GYM2"
"8","6","08A","1PED08A","MLM","GYM1"
"8","6","08C","1PED08C","GIB","GYM2"
"1","2","12","1ENG121","RIC","SC1"
"1","2","12","1BIO121","NIC","S2"
"1","2","12","1BUS121","CNM","R14"
"1","2","12","1DTS121","HIN","PA3"
"1","2","12","1HIS121","VID","SC8"
"1","2","12","1PED121","KNK","SC3"
"1","2","11","1ENG111","BAK","SC2"
"1","2","11","1BIO111","PGE","S1"
"1","2","11","1BUS111","TSI","R15"
"1","2","11","1DTS111","HIN","PA4"
"1","2","11","1HHD111","BML","SC4"
"1","2","11","1VLIT111","ALP","R13"
"1","2","10","1ENG101","BII","B1"
"1","2","10","1CGC101","CDS","R11"
"1","2","10","1HIS101","YOU","SC7"
"1","2","10","1MAG101","ARN","SC6"
"1","2","10","1MMM101","STY","SC5"
"1","2","10","1SCI101","RIG","S3"
"1","2","10","1FTA101","HOP","T8"
"1","2","10","1OED101","SAN","R10"
"2","5","12","1ENG121","RIC","SC1"
"2","5","12","1BIO121","NIC","S2"
"2","5","12","1BUS121","CNM","R14"
"2","5","12","1DTS121","HIN","PA3"
"2","5","12","1HIS121","VID","SC8"
"2","5","12","1PED121","KNK","SC3"
"2","5","11","1ENG111","BAK","SC2"
"2","5","11","1BIO111","PGE","S1"
"2","5","11","1BUS111","TSI","R15"
"2","5","11","1DTS111","HIN","PA4"
"2","5","11","1HHD111","BML","SC4"
"2","5","11","1VLIT111","ALP","R13"
"2","5","10","1ENG101","BII","B8"
"2","5","10","1CGC101","CDS","R11"
"2","5","10","1HIS101","YOU","SC7"
"2","5","10","1MAG101","ARN","SC6"
"2","5","10","1MMM101","STY","SC5"
"2","5","10","1SCI101","RIG","S3"
"2","5","10","1FTA101","HOP","T8"
"2","5","10","1OED101","SAN","R10"
"4","1","12","1ENG121","RIC","SC1"
"4","1","12","1BIO121","NIC","S2"
"4","1","12","1BUS121","CNM","R14"
"4","1","12","1DTS121","HIN","PA3"
"4","1","12","1HIS121","VID","SC8"
"4","1","12","1PED121","KNK","SC3"
"4","1","11","1ENG111","BAK","SC2"
"4","1","11","1BIO111","PGE","S1"
"4","1","11","1BUS111","TSI","R15"
"4","1","11","1DTS111","HIN","PA4"
"4","1","11","1HHD111","BML","SC4"
"4","1","11","1VLIT111","ALP","R13"
"4","1","10","1ENG101","BII","TC5"
"4","1","10","1CGC101","CDS","R11"
"4","1","10","1HIS101","YOU","SC7"
"4","1","10","1MAG101","ARN","SC6"
"4","1","10","1MMM101","STY","SC5"
"4","1","10","1SCI101","RIG","S3"
"4","1","10","1FTA101","HOP","T8"
"4","1","10","1OED101","SAN","R10"
"4","2","12","1ENG121","RIC","SC1"
"4","2","12","1BIO121","NIC","S2"
"4","2","12","1BUS121","CNM","R14"
"4","2","12","1DTS121","HIN","PA3"
"4","2","12","1HIS121","VID","SC8"
"4","2","12","1PED121","KNK","SC3"
"4","2","11","1ENG111","BAK","SC2"
"4","2","11","1BIO111","PGE","S1"
"4","2","11","1BUS111","TSI","R15"
"4","2","11","1DTS111","HIN","PA4"
"4","2","11","1HHD111","BML","SC4"
"4","2","11","1VLIT111","ALP","R13"
"4","2","10","1ENG101","BII","TC5"
"4","2","10","1CGC101","CDS","R11"
"4","2","10","1HIS101","YOU","SC7"
"4","2","10","1MAG101","ARN","SC6"
"4","2","10","1MMM101","STY","SC5"
"4","2","10","1SCI101","RIG","S3"
"4","2","10","1FTA101","HOP","T8"
"4","2","10","1OED101","SAN","R10"
"5","5","12","1ENG121","RIC","SC1"
"5","5","12","1BIO121","NIC","S2"
"5","5","12","1BUS121","CNM","R14"
"5","5","12","1DTS121","HIN","PA3"
"5","5","12","1HIS121","VID","SC8"
"5","5","12","1PED121","KNK","SC3"
"5","5","11","1ENG111","BAK","SC2"
"5","5","11","1BIO111","PGE","S1"
"5","5","11","1BUS111","TSI","R15"
"5","5","11","1DTS111","HIN","PA4"
"5","5","11","1HHD111","BML","SC4"
"5","5","11","1VLIT111","ALP","R13"
"5","5","10","1ENG101","BII","B8"
"5","5","10","1CGC101","CDS","R11"
"5","5","10","1HIS101","YOU","SC7"
"5","5","10","1MAG101","ARN","SC6"
"5","5","10","1MMM101","STY","SC5"
"5","5","10","1SCI101","RIG","S3"
"5","5","10","1FTA101","HOP","T1"
"5","5","10","1OED101","SAN","R10"
"6","2","12","1ENG121","RIC","SC1"
"6","2","12","1BIO121","NIC","S2"
"6","2","12","1BUS121","CNM","R14"
"6","2","12","1DTS121","HIN","PA3"
"6","2","12","1HIS121","VID","SC8"
"6","2","12","1PED121","KNK","SC3"
"6","2","11","1ENG111","BAK","SC2"
"6","2","11","1BIO111","PGE","S1"
"6","2","11","1BUS111","TSI","R15"
"6","2","11","1DTS111","HIN","PA4"
"6","2","11","1HHD111","BML","SC4"
"6","2","11","1VLIT111","ALP","R13"
"6","2","10","1ENG101","BII","B8"
"6","2","10","1CGC101","CDS","R11"
"6","2","10","1HIS101","YOU","SC7"
"6","2","10","1MAG101","ARN","SC6"
"6","2","10","1MMM101","STY","SC5"
"6","2","10","1SCI101","RIG","S3"
"6","2","10","1FTA101","HOP","T8"
"6","2","10","1OED101","SAN","R10"
"7","2","12","1ENG121","RIC","SC1"
"7","2","12","1BIO121","NIC","S2"
"7","2","12","1BUS121","CNM","R14"
"7","2","12","1DTS121","HIN","PA3"
"7","2","12","1HIS121","VID","SC8"
"7","2","12","1PED121","KNK","SC3"
"7","2","11","1ENG111","BAK","SC2"
"7","2","11","1BIO111","PGE","S1"
"7","2","11","1BUS111","TSI","R15"
"7","2","11","1DTS111","HIN","PA4"
"7","2","11","1HHD111","BML","SC4"
"7","2","11","1VLIT111","ALP","R13"
"7","2","10","1ENG101","BII","B8"
"7","2","10","1CGC101","CDS","R11"
"7","2","10","1HIS101","YOU","SC7"
"7","2","10","1MAG101","ARN","SC6"
"7","2","10","1MMM101","STY","SC5"
"7","2","10","1SCI101","RIG","S3"
"7","2","10","1FTA101","HOP","T8"
"7","2","10","1OED101","SAN","R10"
"9","5","12","1ENG121","RIC","SC1"
"9","5","12","1BIO121","NIC","S2"
"9","5","12","1BUS121","CNM","R14"
"9","5","12","1DTS121","HIN","PA3"
"9","5","12","1HIS121","VID","SC8"
"9","5","12","1PED121","KNK","SC3"
"9","5","11","1ENG111","BAK","SC2"
"9","5","11","1BIO111","PGE","S1"
"9","5","11","1BUS111","TSI","R15"
"9","5","11","1DTS111","HIN","PA4"
"9","5","11","1HHD111","BML","SC4"
"9","5","11","1VLIT111","ALP","R13"
"9","5","10","1ENG101","BII","TC4"
"9","5","10","1CGC101","CDS","R11"
"9","5","10","1HIS101","YOU","SC7"
"9","5","10","1MAG101","ARN","SC6"
"9","5","10","1MMM101","STY","SC5"
"9","5","10","1SCI101","RIG","S3"
"9","5","10","1FTA101","HOP","T8"
"9","5","10","1OED101","SAN","R10"
"9","6","12","1ENG121","RIC","SC1"
"9","6","12","1BIO121","NIC","S2"
"9","6","12","1BUS121","CNM","R14"
"9","6","12","1DTS121","HIN","PA3"
"9","6","12","1HIS121","VID","SC8"
"9","6","12","1PED121","KNK","SC3"
"9","6","11","1ENG111","BAK","SC2"
"9","6","11","1BIO111","PGE","S1"
"9","6","11","1BUS111","TSI","R15"
"9","6","11","1DTS111","HIN","PA4"
"9","6","11","1HHD111","BML","SC4"
"9","6","11","1VLIT111","ALP","R13"
"9","6","10","1ENG101","BII","TC4"
"9","6","10","1CGC101","CDS","R11"
"9","6","10","1HIS101","YOU","SC7"
"9","6","10","1MAG101","ARN","SC6"
"9","6","10","1MMM101","STY","SC5"
"9","6","10","1SCI101","RIG","S3"
"9","6","10","1FTA101","HOP","T8"
"9","6","10","1OED101","SAN","R10"
"1","5","12","1ENG122","ALL","SC1"
"1","5","12","1BUS122","CDS","R14"
"1","5","12","1FST122","HOP","T1"
"1","5","12","1MAM122","STY","SC5"
"1","5","12","1MUS122","MAR","PA6"
"1","5","12","1PSY122","MRE","SC7"
"1","5","11","1ENG112","OBR","SC2"
"1","5","11","1ACC112","CNM","R15"
"1","5","11","1BIO112","WAN","S2"
"1","5","11","1MAG112","ARN","SC6"
"1","5","11","1MAM112","PEL","R10"
"1","5","11","1MUS112","MAR","PA6"
"1","5","11","1VNUM112","PGE","R13"
"1","5","10","1ENG102","BAK","SC3"
"1","5","10","1CGC102","TSI","R11"
"1","5","10","1HIS102","YOU","SC8"
"1","5","10","1PED102","BML","SC4"
"1","5","10","1SCI102","HOY","S1"
"1","5","10","1PFR102","KNK","TC1"
"1","5","10","1WDA102","MIR","T5"
"2","1","12","1ENG122","ALL","SC1"
"2","1","12","1BUS122","CDS","R14"
"2","1","12","1FST122","HOP","T8"
"2","1","12","1MAM122","STY","SC5"
"2","1","12","1MUS122","MAR","PA6"
"2","1","12","1PSY122","MRE","SC7"
"2","1","11","1ENG112","OBR","SC2"
"2","1","11","1ACC112","CNM","R15"
"2","1","11","1BIO112","WAN","S2"
"2","1","11","1MAG112","ARN","SC6"
"2","1","11","1MAM112","PEL","R10"
"2","1","11","1MUS112","MAR","PA6"
"2","1","11","1VNUM112","PGE","R13"
"2","1","10","1ENG102","BAK","SC3"
"2","1","10","1CGC102","TSI","R11"
"2","1","10","1HIS102","YOU","SC8"
"2","1","10","1PED102","BML","SC4"
"2","1","10","1SCI102","HOY","S1"
"2","1","10","1PFR102","KNK","TC1"
"2","1","10","1WDA102","MIR","T5"
"4","3","12","1ENG122","ALL","SC1"
"4","3","12","1BUS122","CDS","R14"
"4","3","12","1FST122","HOP","T8"
"4","3","12","1MAM122","STY","SC5"
"4","3","12","1MUS122","MAR","PA6"
"4","3","12","1PSY122","MRE","SC7"
"4","3","11","1ENG112","OBR","SC2"
"4","3","11","1ACC112","CNM","R15"
"4","3","11","1BIO112","WAN","S2"
"4","3","11","1MAG112","ARN","SC6"
"4","3","11","1MAM112","PEL","R10"
"4","3","11","1MUS112","MAR","PA6"
"4","3","11","1VNUM112","PGE","R13"
"4","3","10","1ENG102","BAK","SC3"
"4","3","10","1CGC102","TSI","R11"
"4","3","10","1HIS102","YOU","SC8"
"4","3","10","1PED102","BML","GYM5"
"4","3","10","1SCI102","HOY","S1"
"4","3","10","1PFR102","KNK","GYM4"
"4","3","10","1WDA102","MIR","T5"
"4","4","12","1ENG122","ALL","SC1"
"4","4","12","1BUS122","CDS","R14"
"4","4","12","1FST122","HOP","T8"
"4","4","12","1MAM122","STY","SC5"
"4","4","12","1MUS122","MAR","PA6"
"4","4","12","1PSY122","MRE","SC7"
"4","4","11","1ENG112","OBR","SC2"
"4","4","11","1ACC112","CNM","R15"
"4","4","11","1BIO112","WAN","S2"
"4","4","11","1MAG112","ARN","SC6"
"4","4","11","1MAM112","PEL","R10"
"4","4","11","1MUS112","MAR","PA6"
"4","4","11","1VNUM112","PGE","R13"
"4","4","10","1ENG102","BAK","SC3"
"4","4","10","1CGC102","TSI","R11"
"4","4","10","1HIS102","YOU","SC8"
"4","4","10","1PED102","BML","GYM5"
"4","4","10","1SCI102","HOY","S1"
"4","4","10","1PFR102","KNK","GYM4"
"4","4","10","1WDA102","MIR","T5"
"5","1","12","1ENG122","ALL","SC1"
"5","1","12","1BUS122","CDS","R14"
"5","1","12","1FST122","HOP","T8"
"5","1","12","1MAM122","STY","SC5"
"5","1","12","1MUS122","MAR","PA6"
"5","1","12","1PSY122","MRE","SC7"
"5","1","11","1ENG112","OBR","SC2"
"5","1","11","1ACC112","CNM","R15"
"5","1","11","1BIO112","WAN","S2"
"5","1","11","1MAG112","ARN","SC6"
"5","1","11","1MAM112","PEL","R10"
"5","1","11","1MUS112","MAR","PA6"
"5","1","11","1VNUM112","PGE","R13"
"5","1","10","1ENG102","BAK","SC3"
"5","1","10","1CGC102","TSI","R11"
"5","1","10","1HIS102","YOU","SC8"
"5","1","10","1PED102","BML","SC4"
"5","1","10","1SCI102","HOY","S1"
"5","1","10","1PFR102","KNK","TC1"
"5","1","10","1WDA102","MIR","T5"
"6","5","12","1ENG122","ALL","SC1"
"6","5","12","1BUS122","CDS","R14"
"6","5","12","1FST122","HOP","T8"
"6","5","12","1MAM122","STY","SC5"
"6","5","12","1MUS122","MAR","PA6"
"6","5","12","1PSY122","MRE","SC7"
"6","5","11","1ENG112","OBR","SC2"
"6","5","11","1ACC112","CNM","R15"
"6","5","11","1BIO112","WAN","S2"
"6","5","11","1MAG112","ARN","SC6"
"6","5","11","1MAM112","PEL","R10"
"6","5","11","1MUS112","MAR","PA6"
"6","5","11","1VNUM112","PGE","R13"
"6","5","10","1ENG102","BAK","SC3"
"6","5","10","1CGC102","TSI","R11"
"6","5","10","1HIS102","YOU","SC8"
"6","5","10","1PED102","BML","SC4"
"6","5","10","1SCI102","HOY","S1"
"6","5","10","1PFR102","KNK","TC1"
"6","5","10","1WDA102","MIR","T5"
"9","3","12","1ENG122","ALL","SC1"
"9","3","12","1BUS122","CDS","R14"
"9","3","12","1FST122","HOP","T8"
"9","3","12","1MAM122","STY","SC5"
"9","3","12","1MUS122","MAR","PA6"
"9","3","12","1PSY122","MRE","SC7"
"9","3","11","1ENG112","OBR","SC2"
"9","3","11","1ACC112","CNM","R15"
"9","3","11","1BIO112","WAN","S2"
"9","3","11","1MAG112","ARN","SC6"
"9","3","11","1MAM112","PEL","R10"
"9","3","11","1MUS112","MAR","PA6"
"9","3","11","1VNUM112","PGE","R13"
"9","3","10","1ENG102","BAK","SC3"
"9","3","10","1CGC102","TSI","R11"
"9","3","10","1HIS102","YOU","SC8"
"9","3","10","1PED102","BML","GYM5"
"9","3","10","1SCI102","HOY","S1"
"9","3","10","1PFR102","KNK","GYM4"
"9","3","10","1WDA102","MIR","T5"
"9","4","12","1ENG122","ALL","SC1"
"9","4","12","1BUS122","CDS","R14"
"9","4","12","1FST122","HOP","T8"
"9","4","12","1MAM122","STY","SC5"
"9","4","12","1MUS122","MAR","PA6"
"9","4","12","1PSY122","MRE","SC7"
"9","4","11","1ENG112","OBR","SC2"
"9","4","11","1ACC112","CNM","R15"
"9","4","11","1BIO112","WAN","S2"
"9","4","11","1MAG112","ARN","SC6"
"9","4","11","1MAM112","PEL","R10"
"9","4","11","1MUS112","MAR","PA6"
"9","4","11","1VNUM112","PGE","R13"
"9","4","10","1ENG102","BAK","SC3"
"9","4","10","1CGC102","TSI","R11"
"9","4","10","1HIS102","YOU","SC8"
"9","4","10","1PED102","BML","GYM5"
"9","4","10","1SCI102","HOY","S1"
"9","4","10","1PFR102","KNK","GYM4"
"9","4","10","1WDA102","MIR","T5"
"10","5","12","1ENG122","ALL","SC1"
"10","5","12","1BUS122","CDS","R14"
"10","5","12","1FST122","HOP","T1"
"10","5","12","1MAM122","STY","SC5"
"10","5","12","1MUS122","MAR","PA6"
"10","5","12","1PSY122","MRE","SC7"
"10","5","11","1ENG112","OBR","SC2"
"10","5","11","1ACC112","CNM","R15"
"10","5","11","1BIO112","WAN","S2"
"10","5","11","1MAG112","ARN","SC6"
"10","5","11","1MAM112","PEL","R10"
"10","5","11","1MUS112","MAR","PA6"
"10","5","11","1VNUM112","PGE","R13"
"10","5","10","1ENG102","BAK","SC3"
"10","5","10","1CGC102","TSI","R11"
"10","5","10","1HIS102","YOU","SC8"
"10","5","10","1PED102","BML","SC4"
"10","5","10","1SCI102","HOY","S1"
"10","5","10","1PFR102","KNK","TC1"
"10","5","10","1WDA102","MIR","T5"
"3","5","10","1AFP107","SCO","T3"
"3","5","10","1BEN107A","TSI","SC7"
"3","5","10","1BEN107B","CDS","SC8"
"3","5","10","1MSG107","ARN","B1"
"3","5","10","1MSM107","STY","B7"
"3","5","10","1PES107","KNK","R14"
"3","5","10","1PIH107","SMA","R15"
"3","5","10","1STM107","RIG","S3"
"3","5","09A","1CBD091A","CHA","R10"
"3","5","09B","1CBD091B","GAM","R11"
"3","5","09C","1CBD091C","VOU","R12"
"3","5","09D","1CBD091D","MAZ","TC2"
"3","5","09E","1CBD091E","BII","TC1"
"3","5","09F","1CBD091F","MMH","R13"
"3","6","10","1AFP107","SCO","T3"
"3","6","10","1BEN107A","TSI","SC7"
"3","6","10","1BEN107B","CDS","SC8"
"3","6","10","1MSG107","ARN","B1"
"3","6","10","1MSM107","STY","B7"
"3","6","10","1PES107","KNK","R14"
"3","6","10","1PIH107","SMA","R15"
"3","6","10","1STM107","RIG","S3"
"3","6","09A","1CBD091A","CHA","R10"
"3","6","09B","1CBD091B","GAM","R11"
"3","6","09C","1CBD091C","VOU","R12"
"3","6","09D","1CBD091D","MAZ","TC2"
"3","6","09E","1CBD091E","BII","TC1"
"3","6","09F","1CBD091F","MMH","R13"
"8","5","10","1AFP107","SCO","T3"
"8","5","10","1BEN107A","TSI","SC7"
"8","5","10","1BEN107B","CDS","SC8"
"8","5","10","1MSG107","ARN","B1"
"8","5","10","1MSM107","STY","B7"
"8","5","10","1PES107","KNK","R14"
"8","5","10","1PIH107","SMA","R15"
"8","5","10","1STM107","RIG","S3"
"8","5","09A","1CBD091A","CHA","R10"
"8","5","09B","1CBD091B","GAM","R11"
"8","5","09C","1CBD091C","VOU","R12"
"8","5","09D","1CBD091D","MAZ","TC2"
"8","5","09E","1CBD091E","BII","TC1"
"8","5","09F","1CBD091F","MMH","R13"
"8","6","10","1AFP107","SCO","T3"
"8","6","10","1BEN107A","TSI","SC7"
"8","6","10","1BEN107B","CDS","SC8"
"8","6","10","1MSG107","ARN","B1"
"8","6","10","1MSM107","STY","B7"
"8","6","10","1PES107","KNK","R14"
"8","6","10","1PIH107","SMA","R15"
"8","6","10","1STM107","RIG","S3"
"8","6","09A","1CBD091A","CHA","R10"
"8","6","09B","1CBD091B","GAM","R11"
"8","6","09C","1CBD091C","VOU","R12"
"8","6","09D","1CBD091D","MAZ","TC2"
"8","6","09E","1CBD091E","BII","TC1"
"8","6","09F","1CBD091F","MMH","R13"
"1","6","12","1ENG123","VOU","SC1"
"1","6","12","1AME123","FEJ","T4"
"1","6","12","1BIO123","WAN","S2"
"1","6","12","1BUS123","CNM","R14"
"1","6","12","1CHM123","HOY","S1"
"1","6","12","1HHD123","SMA","SC4"
"1","6","11","1AME113","FEJ","T4"
"1","6","11","1LEG113","ZHK","R15"
"1","6","11","1MAS113","STY","SC5"
"1","6","11","1PED113","MAZ","SC3"
"1","6","11","1PSY113","MRE","SC7"
"1","6","11","1VSR113","SAN","R13"
"1","6","10","1ENG103A","ADF","SC8"
"1","6","10","1ENG103B","BAK","SC2"
"1","6","10","1MAG103","OSH","R10"
"1","6","10","1MMM103","CHG","SC6"
"1","6","10","1SCI103","PGE","S3"
"1","6","10","1FTA103","HOP","T1"
"1","6","10","1OED103","MLM","R11"
"2","2","12","1ENG123","VOU","SC1"
"2","2","12","1AME123","FEJ","T4"
"2","2","12","1BIO123","WAN","S2"
"2","2","12","1BUS123","CNM","R14"
"2","2","12","1CHM123","HOY","S1"
"2","2","12","1HHD123","SMA","SC4"
"2","2","11","1AME113","FEJ","T4"
"2","2","11","1LEG113","ZHK","R15"
"2","2","11","1MAS113","STY","SC5"
"2","2","11","1PED113","MAZ","SC3"
"2","2","11","1PSY113","MRE","SC7"
"2","2","11","1VSR113","SAN","R13"
"2","2","10","1ENG103A","ADF","SC8"
"2","2","10","1ENG103B","BAK","SC2"
"2","2","10","1MAG103","OSH","R10"
"2","2","10","1MMM103","CHG","SC6"
"2","2","10","1SCI103","PGE","S3"
"2","2","10","1FTA103","HOP","T8"
"2","2","10","1OED103","MLM","R11"
"4","5","12","1ENG123","VOU","SC1"
"4","5","12","1AME123","FEJ","T4"
"4","5","12","1BIO123","WAN","S2"
"4","5","12","1BUS123","CNM","R14"
"4","5","12","1CHM123","HOY","S1"
"4","5","12","1HHD123","SMA","SC4"
"4","5","11","1AME113","FEJ","T4"
"4","5","11","1LEG113","ZHK","R15"
"4","5","11","1MAS113","STY","SC5"
"4","5","11","1PED113","MAZ","SC3"
"4","5","11","1PSY113","MRE","SC7"
"4","5","11","1VSR113","SAN","R13"
"4","5","10","1ENG103A","ADF","SC8"
"4","5","10","1ENG103B","BAK","SC2"
"4","5","10","1MAG103","OSH","R10"
"4","5","10","1MMM103","CHG","SC6"
"4","5","10","1SCI103","PGE","S3"
"4","5","10","1FTA103","HOP","T8"
"4","5","10","1OED103","MLM","R11"
"4","6","12","1ENG123","VOU","SC1"
"4","6","12","1AME123","FEJ","T4"
"4","6","12","1BIO123","WAN","S2"
"4","6","12","1BUS123","CNM","R14"
"4","6","12","1CHM123","HOY","S1"
"4","6","12","1HHD123","SMA","SC4"
"4","6","11","1AME113","FEJ","T4"
"4","6","11","1LEG113","ZHK","R15"
"4","6","11","1MAS113","STY","SC5"
"4","6","11","1PED113","MAZ","SC3"
"4","6","11","1PSY113","MRE","SC7"
"4","6","11","1VSR113","SAN","R13"
"4","6","10","1ENG103A","ADF","SC8"
"4","6","10","1ENG103B","BAK","SC2"
"4","6","10","1MAG103","OSH","R10"
"4","6","10","1MMM103","CHG","SC6"
"4","6","10","1SCI103","PGE","S3"
"4","6","10","1FTA103","HOP","T8"
"4","6","10","1OED103","MLM","R11"
"6","6","12","1ENG123","VOU","SC1"
"6","6","12","1AME123","FEJ","T4"
"6","6","12","1BIO123","WAN","S2"
"6","6","12","1BUS123","CNM","R14"
"6","6","12","1CHM123","HOY","S1"
"6","6","12","1HHD123","SMA","SC4"
"6","6","11","1AME113","FEJ","T4"
"6","6","11","1LEG113","ZHK","R15"
"6","6","11","1MAS113","STY","SC5"
"6","6","11","1PED113","MAZ","SC3"
"6","6","11","1PSY113","MRE","SC7"
"6","6","11","1VSR113","SAN","R13"
"6","6","10","1ENG103A","ADF","SC8"
"6","6","10","1ENG103B","BAK","SC2"
"6","6","10","1MAG103","OSH","R10"
"6","6","10","1MMM103","CHG","SC6"
"6","6","10","1SCI103","PGE","S3"
"6","6","10","1FTA103","HOP","T8"
"6","6","10","1OED103","MLM","R11"
"7","1","12","1ENG123","VOU","SC1"
"7","1","12","1AME123","FEJ","T4"
"7","1","12","1BIO123","WAN","S2"
"7","1","12","1BUS123","CNM","R14"
"7","1","12","1CHM123","HOY","S1"
"7","1","12","1HHD123","SMA","SC4"
"7","1","11","1AME113","FEJ","T4"
"7","1","11","1LEG113","ZHK","R15"
"7","1","11","1MAS113","STY","SC5"
"7","1","11","1PED113","MAZ","SC3"
"7","1","11","1PSY113","MRE","SC7"
"7","1","11","1VSR113","SAN","R13"
"7","1","10","1ENG103A","ADF","SC8"
"7","1","10","1ENG103B","BAK","SC2"
"7","1","10","1MAG103","OSH","R10"
"7","1","10","1MMM103","CHG","SC6"
"7","1","10","1SCI103","PGE","S3"
"7","1","10","1FTA103","HOP","T8"
"7","1","10","1OED103","MLM","R11"
"9","1","12","1ENG123","VOU","SC1"
"9","1","12","1AME123","FEJ","T4"
"9","1","12","1BIO123","WAN","S2"
"9","1","12","1BUS123","CNM","R14"
"9","1","12","1CHM123","HOY","S1"
"9","1","12","1HHD123","SMA","SC4"
"9","1","11","1AME113","FEJ","T4"
"9","1","11","1LEG113","ZHK","R15"
"9","1","11","1MAS113","STY","SC5"
"9","1","11","1PED113","MAZ","SC3"
"9","1","11","1PSY113","MRE","SC7"
"9","1","11","1VSR113","SAN","R13"
"9","1","10","1ENG103A","ADF","SC8"
"9","1","10","1ENG103B","BAK","SC2"
"9","1","10","1MAG103","OSH","R10"
"9","1","10","1MMM103","CHG","SC6"
"9","1","10","1SCI103","PGE","S3"
"9","1","10","1FTA103","HOP","T8"
"9","1","10","1OED103","MLM","R11"
"9","2","12","1ENG123","VOU","SC1"
"9","2","12","1AME123","FEJ","T4"
"9","2","12","1BIO123","WAN","S2"
"9","2","12","1BUS123","CNM","R14"
"9","2","12","1CHM123","HOY","S1"
"9","2","12","1HHD123","SMA","SC4"
"9","2","11","1AME113","FEJ","T4"
"9","2","11","1LEG113","ZHK","R15"
"9","2","11","1MAS113","STY","SC5"
"9","2","11","1PED113","MAZ","SC3"
"9","2","11","1PSY113","MRE","SC7"
"9","2","11","1VSR113","SAN","R13"
"9","2","10","1ENG103A","ADF","SC8"
"9","2","10","1ENG103B","BAK","SC2"
"9","2","10","1MAG103","OSH","R10"
"9","2","10","1MMM103","CHG","SC6"
"9","2","10","1SCI103","PGE","S3"
"9","2","10","1FTA103","HOP","T8"
"9","2","10","1OED103","MLM","R11"
"10","1","12","1ENG123","VOU","SC1"
"10","1","12","1AME123","FEJ","T4"
"10","1","12","1BIO123","WAN","S2"
"10","1","12","1BUS123","CNM","R14"
"10","1","12","1CHM123","HOY","S1"
"10","1","12","1HHD123","SMA","SC4"
"10","1","11","1AME113","FEJ","T4"
"10","1","11","1LEG113","ZHK","R15"
"10","1","11","1MAS113","STY","SC5"
"10","1","11","1PED113","MAZ","SC3"
"10","1","11","1PSY113","MRE","SC7"
"10","1","11","1VSR113","SAN","R13"
"10","1","10","1ENG103A","ADF","SC8"
"10","1","10","1ENG103B","BAK","SC2"
"10","1","10","1MAG103","OSH","R10"
"10","1","10","1MMM103","CHG","SC6"
"10","1","10","1SCI103","PGE","S3"
"10","1","10","1FTA103","HOP","T8"
"10","1","10","1OED103","MLM","R11"
"2","6","12","1ENG124","HIN","SC1"
"2","6","12","1LEG124","ZHK","R14"
"2","6","12","1MAG124","OSH","R10"
"2","6","12","1PED124","SAN","SC4"
"2","6","12","1PHY124","RIG","S3"
"2","6","12","1PSY124","MRE","SC7"
"2","6","12","1VCD124","SCO","PA1"
"2","6","11","1ENG114","VOU","SC2"
"2","6","11","1BUS114","TSI","R15"
"2","6","11","1CHM114","SMP","S1"
"2","6","11","1FST114","HOP","T8"
"2","6","11","1MAG114","ARN","SC5"
"2","6","10","1ENG104","BII","B8"
"2","6","10","1CGC104","CNM","R11"
"2","6","10","1HIS104","VID","SC8"
"2","6","10","1MAG104","CKS","TC1"
"2","6","10","1MMM104","CHG","SC6"
"2","6","10","1SCI104","PGE","S2"
"2","6","10","1PFR104","MAZ","SC3"
"3","3","12","1ENG124","HIN","SC1"
"3","3","12","1LEG124","ZHK","R14"
"3","3","12","1MAG124","OSH","R10"
"3","3","12","1PED124","SAN","SC4"
"3","3","12","1PHY124","RIG","S3"
"3","3","12","1PSY124","MRE","SC7"
"3","3","12","1VCD124","SCO","PA1"
"3","3","11","1ENG114","VOU","SC2"
"3","3","11","1BUS114","TSI","R15"
"3","3","11","1CHM114","SMP","S1"
"3","3","11","1FST114","HOP","T8"
"3","3","11","1MAG114","ARN","SC5"
"3","3","10","1ENG104","BII","R13"
"3","3","10","1CGC104","CNM","R11"
"3","3","10","1HIS104","VID","SC8"
"3","3","10","1MAG104","CKS","TC1"
"3","3","10","1MMM104","CHG","SC6"
"3","3","10","1SCI104","PGE","S2"
"3","3","10","1PFR104","MAZ","GYM2"
"3","4","12","1ENG124","HIN","SC1"
"3","4","12","1LEG124","ZHK","R14"
"3","4","12","1MAG124","OSH","R10"
"3","4","12","1PED124","SAN","SC4"
"3","4","12","1PHY124","RIG","S3"
"3","4","12","1PSY124","MRE","SC7"
"3","4","12","1VCD124","SCO","PA1"
"3","4","11","1ENG114","VOU","SC2"
"3","4","11","1BUS114","TSI","R15"
"3","4","11","1CHM114","SMP","S1"
"3","4","11","1FST114","HOP","T8"
"3","4","11","1MAG114","ARN","SC5"
"3","4","10","1ENG104","BII","R13"
"3","4","10","1CGC104","CNM","R11"
"3","4","10","1HIS104","VID","SC8"
"3","4","10","1MAG104","CKS","TC1"
"3","4","10","1MMM104","CHG","SC6"
"3","4","10","1SCI104","PGE","S2"
"3","4","10","1PFR104","MAZ","GYM2"
"5","2","12","1ENG124","HIN","SC1"
"5","2","12","1LEG124","ZHK","R14"
"5","2","12","1MAG124","OSH","R10"
"5","2","12","1PED124","SAN","SC4"
"5","2","12","1PHY124","RIG","S3"
"5","2","12","1PSY124","MRE","SC7"
"5","2","12","1VCD124","SCO","PA1"
"5","2","11","1ENG114","VOU","SC2"
"5","2","11","1BUS114","TSI","R15"
"5","2","11","1CHM114","SMP","S1"
"5","2","11","1FST114","HOP","T8"
"5","2","11","1MAG114","ARN","SC5"
"5","2","10","1ENG104","BII","B1"
"5","2","10","1CGC104","CNM","R11"
"5","2","10","1HIS104","VID","SC8"
"5","2","10","1MAG104","CKS","TC1"
"5","2","10","1MMM104","CHG","SC6"
"5","2","10","1SCI104","PGE","S2"
"5","2","10","1PFR104","MAZ","SC3"
"7","5","12","1ENG124","HIN","SC1"
"7","5","12","1LEG124","ZHK","R14"
"7","5","12","1MAG124","OSH","R10"
"7","5","12","1PED124","SAN","SC4"
"7","5","12","1PHY124","RIG","S3"
"7","5","12","1PSY124","MRE","SC7"
"7","5","12","1VCD124","SCO","PA1"
"7","5","11","1ENG114","VOU","SC2"
"7","5","11","1BUS114","TSI","R15"
"7","5","11","1CHM114","SMP","S1"
"7","5","11","1FST114","HOP","T8"
"7","5","11","1MAG114","ARN","SC5"
"7","5","10","1ENG104","BII","B1"
"7","5","10","1CGC104","CNM","R11"
"7","5","10","1HIS104","VID","SC8"
"7","5","10","1MAG104","CKS","TC1"
"7","5","10","1MMM104","CHG","SC6"
"7","5","10","1SCI104","PGE","S2"
"7","5","10","1PFR104","MAZ","SC3"
"8","3","12","1ENG124","HIN","SC1"
"8","3","12","1LEG124","ZHK","R14"
"8","3","12","1MAG124","OSH","R10"
"8","3","12","1PED124","SAN","SC4"
"8","3","12","1PHY124","RIG","S3"
"8","3","12","1PSY124","MRE","SC7"
"8","3","12","1VCD124","SCO","PA1"
"8","3","11","1ENG114","VOU","SC2"
"8","3","11","1BUS114","TSI","R15"
"8","3","11","1CHM114","SMP","S1"
"8","3","11","1FST114","HOP","T8"
"8","3","11","1MAG114","ARN","SC5"
"8","3","10","1ENG104","BII","R13"
"8","3","10","1CGC104","CNM","R11"
"8","3","10","1HIS104","VID","SC8"
"8","3","10","1MAG104","CKS","TC1"
"8","3","10","1MMM104","CHG","SC6"
"8","3","10","1SCI104","PGE","S6"
"8","3","10","1PFR104","MAZ","GYM3"
"8","4","12","1ENG124","HIN","SC1"
"8","4","12","1LEG124","ZHK","R14"
"8","4","12","1MAG124","OSH","R10"
"8","4","12","1PED124","SAN","SC4"
"8","4","12","1PHY124","RIG","S3"
"8","4","12","1PSY124","MRE","SC7"
"8","4","12","1VCD124","SCO","PA1"
"8","4","11","1ENG114","VOU","SC2"
"8","4","11","1BUS114","TSI","R15"
"8","4","11","1CHM114","SMP","S1"
"8","4","11","1FST114","HOP","T8"
"8","4","11","1MAG114","ARN","SC5"
"8","4","10","1ENG104","BII","R13"
"8","4","10","1CGC104","CNM","R11"
"8","4","10","1HIS104","VID","SC8"
"8","4","10","1MAG104","CKS","TC1"
"8","4","10","1MMM104","CHG","SC6"
"8","4","10","1SCI104","PGE","S6"
"8","4","10","1PFR104","MAZ","GYM3"
"10","2","12","1ENG124","HIN","SC1"
"10","2","12","1LEG124","ZHK","R14"
"10","2","12","1MAG124","OSH","R10"
"10","2","12","1PED124","SAN","SC4"
"10","2","12","1PHY124","RIG","S3"
"10","2","12","1PSY124","MRE","SC7"
"10","2","12","1VCD124","SCO","PA1"
"10","2","11","1ENG114","VOU","SC2"
"10","2","11","1BUS114","TSI","R15"
"10","2","11","1CHM114","SMP","S1"
"10","2","11","1FST114","HOP","T8"
"10","2","11","1MAG114","ARN","SC5"
"10","2","10","1ENG104","BII","B1"
"10","2","10","1CGC104","CNM","R11"
"10","2","10","1HIS104","VID","SC8"
"10","2","10","1MAG104","CKS","TC1"
"10","2","10","1MMM104","CHG","SC6"
"10","2","10","1SCI104","PGE","S2"
"10","2","10","1PFR104","MAZ","SC3"
"1","3","12","1ENG125","ALL","SC1"
"1","3","12","1EAL125","WIL","SC3"
"1","3","12","1ACC125","CNM","R15"
"1","3","12","1HIS125","YOU","SC8"
"1","3","12","1LEG125","ZHK","R14"
"1","3","12","1MAG125","PEL","R10"
"1","3","12","1MAM125","HLE","SC5"
"1","3","11","1ENG115","BAK","SC2"
"1","3","11","1EAL115","WIL","SC3"
"1","3","11","1MAM115","CHG","SC6"
"1","3","11","1PED115","SAN","SC4"
"1","3","11","1PSY115","MRE","SC7"
"1","3","10","1ENG105","ADF","B2"
"1","3","10","1CGC105","CDS","R11"
"1","3","10","1HIS105","VID","TC2"
"1","3","10","1SCI105A","RIG","S3"
"1","3","10","1SCI105B","WAN","S2"
"1","3","10","1MED105","GAM","PA2"
"1","3","10","1PFR105","SMA","TC1"
"3","1","12","1ENG125","ALL","SC1"
"3","1","12","1EAL125","WIL","SC3"
"3","1","12","1ACC125","CNM","R15"
"3","1","12","1HIS125","YOU","SC8"
"3","1","12","1LEG125","ZHK","R14"
"3","1","12","1MAG125","PEL","R10"
"3","1","12","1MAM125","HLE","SC5"
"3","1","11","1ENG115","BAK","SC2"
"3","1","11","1EAL115","WIL","SC3"
"3","1","11","1MAM115","CHG","SC6"
"3","1","11","1PED115","SAN","SC4"
"3","1","11","1PSY115","MRE","SC7"
"3","1","10","1ENG105","ADF","B2"
"3","1","10","1CGC105","CDS","R11"
"3","1","10","1HIS105","VID","TC2"
"3","1","10","1SCI105A","RIG","S3"
"3","1","10","1SCI105B","WAN","S2"
"3","1","10","1MED105","GAM","PA2"
"3","1","10","1PFR105","SMA","TC1"
"5","3","12","1ENG125","ALL","SC1"
"5","3","12","1EAL125","WIL","SC3"
"5","3","12","1ACC125","CNM","R15"
"5","3","12","1HIS125","YOU","SC8"
"5","3","12","1LEG125","ZHK","R14"
"5","3","12","1MAG125","PEL","R10"
"5","3","12","1MAM125","HLE","SC5"
"5","3","11","1ENG115","BAK","SC2"
"5","3","11","1EAL115","WIL","SC3"
"5","3","11","1MAM115","CHG","SC6"
"5","3","11","1PED115","SAN","SC4"
"5","3","11","1PSY115","MRE","SC7"
"5","3","10","1ENG105","ADF","B2"
"5","3","10","1CGC105","CDS","R11"
"5","3","10","1HIS105","VID","TC2"
"5","3","10","1SCI105A","RIG","S3"
"5","3","10","1SCI105B","WAN","S2"
"5","3","10","1MED105","GAM","PA2"
"5","3","10","1PFR105","SMA","GYM3"
"5","4","12","1ENG125","ALL","SC1"
"5","4","12","1EAL125","WIL","SC3"
"5","4","12","1ACC125","CNM","R15"
"5","4","12","1HIS125","YOU","SC8"
"5","4","12","1LEG125","ZHK","R14"
"5","4","12","1MAG125","PEL","R10"
"5","4","12","1MAM125","HLE","SC5"
"5","4","11","1ENG115","BAK","SC2"
"5","4","11","1EAL115","WIL","SC3"
"5","4","11","1MAM115","CHG","SC6"
"5","4","11","1PED115","SAN","SC4"
"5","4","11","1PSY115","MRE","SC7"
"5","4","10","1ENG105","ADF","B2"
"5","4","10","1CGC105","CDS","R11"
"5","4","10","1HIS105","VID","TC2"
"5","4","10","1SCI105A","RIG","S3"
"5","4","10","1SCI105B","WAN","S2"
"5","4","10","1MED105","GAM","PA2"
"5","4","10","1PFR105","SMA","GYM3"
"6","3","12","1ENG125","ALL","SC1"
"6","3","12","1EAL125","WIL","SC3"
"6","3","12","1ACC125","CNM","R15"
"6","3","12","1HIS125","YOU","SC8"
"6","3","12","1LEG125","ZHK","R14"
"6","3","12","1MAG125","PEL","R10"
"6","3","12","1MAM125","HLE","SC5"
"6","3","11","1ENG115","BAK","SC2"
"6","3","11","1EAL115","WIL","SC3"
"6","3","11","1MAM115","CHG","SC6"
"6","3","11","1PED115","SAN","SC4"
"6","3","11","1PSY115","MRE","SC7"
"6","3","10","1ENG105","ADF","B2"
"6","3","10","1CGC105","CDS","R11"
"6","3","10","1HIS105","VID","TC2"
"6","3","10","1SCI105A","RIG","S3"
"6","3","10","1SCI105B","WAN","S2"
"6","3","10","1MED105","GAM","PA2"
"6","3","10","1PFR105","SMA","TC1"
"7","6","12","1ENG125","ALL","SC1"
"7","6","12","1EAL125","WIL","SC3"
"7","6","12","1ACC125","CNM","R15"
"7","6","12","1HIS125","YOU","SC8"
"7","6","12","1LEG125","ZHK","R14"
"7","6","12","1MAG125","PEL","R10"
"7","6","12","1MAM125","HLE","SC5"
"7","6","11","1ENG115","BAK","SC2"
"7","6","11","1EAL115","WIL","SC3"
"7","6","11","1MAM115","CHG","SC6"
"7","6","11","1PED115","SAN","SC4"
"7","6","11","1PSY115","MRE","SC7"
"7","6","10","1ENG105","ADF","B8"
"7","6","10","1CGC105","CDS","R11"
"7","6","10","1HIS105","VID","TC2"
"7","6","10","1SCI105A","RIG","S3"
"7","6","10","1SCI105B","WAN","S2"
"7","6","10","1MED105","GAM","PA2"
"7","6","10","1PFR105","SMA","TC1"
"8","2","12","1ENG125","ALL","SC1"
"8","2","12","1EAL125","WIL","SC3"
"8","2","12","1ACC125","CNM","R15"
"8","2","12","1HIS125","YOU","SC8"
"8","2","12","1LEG125","ZHK","R14"
"8","2","12","1MAG125","PEL","R10"
"8","2","12","1MAM125","HLE","SC5"
"8","2","11","1ENG115","BAK","SC2"
"8","2","11","1EAL115","WIL","SC3"
"8","2","11","1MAM115","CHG","SC6"
"8","2","11","1PED115","SAN","SC4"
"8","2","11","1PSY115","MRE","SC7"
"8","2","10","1ENG105","ADF","B2"
"8","2","10","1CGC105","CDS","R11"
"8","2","10","1HIS105","VID","TC2"
"8","2","10","1SCI105A","RIG","S3"
"8","2","10","1SCI105B","WAN","S2"
"8","2","10","1MED105","GAM","PA2"
"8","2","10","1PFR105","SMA","TC1"
"10","3","12","1ENG125","ALL","SC1"
"10","3","12","1EAL125","WIL","SC3"
"10","3","12","1ACC125","CNM","R15"
"10","3","12","1HIS125","YOU","SC8"
"10","3","12","1LEG125","ZHK","R14"
"10","3","12","1MAG125","PEL","R10"
"10","3","12","1MAM125","HLE","SC5"
"10","3","11","1ENG115","BAK","SC2"
"10","3","11","1EAL115","WIL","SC3"
"10","3","11","1MAM115","CHG","SC6"
"10","3","11","1PED115","SAN","SC4"
"10","3","11","1PSY115","MRE","SC7"
"10","3","10","1ENG105","ADF","B2"
"10","3","10","1CGC105","CDS","R11"
"10","3","10","1HIS105","VID","TC2"
"10","3","10","1SCI105A","RIG","S4"
"10","3","10","1SCI105B","WAN","S2"
"10","3","10","1MED105","GAM","PA2"
"10","3","10","1PFR105","SMA","GYM2"
"10","4","12","1ENG125","ALL","SC1"
"10","4","12","1EAL125","WIL","SC3"
"10","4","12","1ACC125","CNM","R15"
"10","4","12","1HIS125","YOU","SC8"
"10","4","12","1LEG125","ZHK","R14"
"10","4","12","1MAG125","PEL","R10"
"10","4","12","1MAM125","HLE","SC5"
"10","4","11","1ENG115","BAK","SC2"
"10","4","11","1EAL115","WIL","SC3"
"10","4","11","1MAM115","CHG","SC6"
"10","4","11","1PED115","SAN","SC4"
"10","4","11","1PSY115","MRE","SC7"
"10","4","10","1ENG105","ADF","B2"
"10","4","10","1CGC105","CDS","R11"
"10","4","10","1HIS105","VID","TC2"
"10","4","10","1SCI105A","RIG","S4"
"10","4","10","1SCI105B","WAN","S2"
"10","4","10","1MED105","GAM","PA2"
"10","4","10","1PFR105","SMA","GYM2"
"4","3","07A","1PAS07A","ANM","GYM1"
"4","3","07B","1PAS07B","MLM","GYM2"
"4","3","07C","1PAS07C","SMA","GYM3"
"4","4","07A","1PAS07A","ANM","GYM1"
"4","4","07B","1PAS07B","MLM","GYM2"
"4","4","07C","1PAS07C","SMA","GYM3"
"9","3","07A","1PAS07A","ANM","GYM1"
"9","3","07B","1PAS07B","MLM","GYM2"
"9","3","07C","1PAS07C","SMA","GYM3"
"9","4","07A","1PAS07A","ANM","GYM1"
"9","4","07B","1PAS07B","MLM","GYM2"
"9","4","07C","1PAS07C","SMA","GYM3"
"1","3","09A","1DIG095","SMP","B8"
"1","3","09B","1SFS095","WHE","S4"
"1","3","09C","1HCP095","DYL","TC5"
"1","3","09D","1MUS095","MAR","PA6"
"1","3","09E","1PFR095","MLM","S5"
"1","3","09F","1WDA095","MIR","T5"
"5","3","09A","1DIG095","SMP","B7"
"5","3","09B","1SFS095","WHE","S4"
"5","3","09C","1HCP095","DYL","TC5"
"5","3","09D","1MUS095","MAR","PA6"
"5","3","09E","1PFR095","MLM","GYM1"
"5","3","09F","1WDA095","MIR","T5"
"5","4","09A","1DIG095","SMP","B7"
"5","4","09B","1SFS095","WHE","S4"
"5","4","09C","1HCP095","DYL","TC5"
"5","4","09D","1MUS095","MAR","PA6"
"5","4","09E","1PFR095","MLM","GYM1"
"5","4","09F","1WDA095","MIR","T5"
"6","3","09A","1DIG095","SMP","TC6"
"6","3","09B","1SFS095","WHE","S4"
"6","3","09C","1HCP095","DYL","TC5"
"6","3","09D","1MUS095","MAR","PA6"
"6","3","09E","1PFR095","MLM","B7"
"6","3","09F","1WDA095","MIR","T5"
"10","3","09A","1DIG095","SMP","TC6"
"10","3","09B","1SFS095","WHE","S3"
"10","3","09C","1HCP095","DYL","TC5"
"10","3","09D","1MUS095","MAR","PA6"
"10","3","09E","1PFR095","MLM","GYM1"
"10","3","09F","1WDA095","MIR","T5"
"10","4","09A","1DIG095","SMP","TC6"
"10","4","09B","1SFS095","WHE","S3"
"10","4","09C","1HCP095","DYL","TC5"
"10","4","09D","1MUS095","MAR","PA6"
"10","4","09E","1PFR095","MLM","GYM1"
"10","4","09F","1WDA095","MIR","T5"
"5","6","12","1ENG126","OBR","SC1"
"5","6","12","1HHD126","BML","SC4"
"5","6","12","1MAG126","OSH","R10"
"5","6","12","1MAS126","STY","SC5"
"5","6","12","1MED126","GAM","PA2"
"5","6","12","1WTD126","MIR","T5"
"5","6","11","1ENG116","RIC","SC2"
"5","6","11","1HHD116","SMA","SC3"
"5","6","11","1HIS116","ALL","SC8"
"5","6","11","1PHY116","CDA","S3"
"5","6","11","1WDT116","MIR","T5"
"5","6","10","1ENG106","MMH","B8"
"5","6","10","1EAL106","CLK","R15"
"5","6","10","1MAG106","ARN","SC6"
"5","6","10","1MMM106","ZAH","SC7"
"5","6","10","1SCI106","WHE","S2"
"5","6","10","1ART106","SCO","T3"
"5","6","10","1PFR106","OHA","R11"
"5","6","10","1SCE106","GIB","S6"
"10","6","12","1ENG126","OBR","SC1"
"10","6","12","1HHD126","BML","SC4"
"10","6","12","1MAG126","OSH","R10"
"10","6","12","1MAS126","STY","SC5"
"10","6","12","1MED126","GAM","PA2"
"10","6","12","1WTD126","MIR","T5"
"10","6","11","1ENG116","RIC","SC2"
"10","6","11","1HHD116","SMA","SC3"
"10","6","11","1HIS116","ALL","SC8"
"10","6","11","1PHY116","CDA","S3"
"10","6","11","1WDT116","MIR","T5"
"10","6","10","1ENG106","MMH","B8"
"10","6","10","1EAL106","CLK","R15"
"10","6","10","1MAG106","ARN","SC6"
"10","6","10","1MMM106","ZAH","SC7"
"10","6","10","1SCI106","WHE","S2"
"10","6","10","1ART106","SCO","T3"
"10","6","10","1PFR106","OHA","R11"
"10","6","10","1SCE106","GIB","S1"
"1","1","12","1ENG126","OBR","SC1"
"1","1","12","1HHD126","BML","SC4"
"1","1","12","1MAG126","OSH","R10"
"1","1","12","1MAS126","STY","SC5"
"1","1","12","1MED126","GAM","PA2"
"1","1","12","1WTD126","MIR","T5"
"1","1","11","1ENG116","RIC","SC2"
"1","1","11","1HHD116","SMA","SC3"
"1","1","11","1HIS116","ALL","SC8"
"1","1","11","1PHY116","CDA","S3"
"1","1","11","1WDT116","MIR","T5"
"1","1","10","1ENG106","MMH","B8"
"1","1","10","1EAL106","CLK","R15"
"1","1","10","1MAG106","ARN","SC6"
"1","1","10","1MMM106","ZAH","SC7"
"1","1","10","1SCI106","WHE","S2"
"1","1","10","1ART106","SCO","T3"
"1","1","10","1PFR106","OHA","R11"
"1","1","10","1SCE106","LIA","S1"
"2","3","12","1ENG126","OBR","SC1"
"2","3","12","1HHD126","BML","SC4"
"2","3","12","1MAG126","OSH","R10"
"2","3","12","1MAS126","STY","SC5"
"2","3","12","1MED126","GAM","PA2"
"2","3","12","1WTD126","MIR","T5"
"2","3","11","1ENG116","RIC","SC2"
"2","3","11","1HHD116","SMA","SC3"
"2","3","11","1HIS116","ALL","SC8"
"2","3","11","1PHY116","CDA","S3"
"2","3","11","1WDT116","MIR","T5"
"2","3","10","1ENG106","MMH","B8"
"2","3","10","1EAL106","CLK","R15"
"2","3","10","1MAG106","ARN","SC6"
"2","3","10","1MMM106","ZAH","SC7"
"2","3","10","1SCI106","WHE","S2"
"2","3","10","1ART106","SCO","T3"
"2","3","10","1PFR106","OHA","GYM2"
"2","3","10","1SCE106","LIA","S1"
"2","3","09A","1AID096","FEJ","PA1"
"2","3","09B","1EAL096","CLK","R15"
"2","3","09C","1FTA096","FIT","T8"
"2","3","09D","1LAN096","CLA","TC4"
"2","3","09E","1MAX096","MAN","TC6"
"2","3","09F","1PFR096","MAZ","GYM1"
"2","3","09F","1PSY096","MRE","TC2"
"2","4","12","1ENG126","OBR","SC1"
"2","4","12","1HHD126","BML","SC4"
"2","4","12","1MAG126","OSH","R10"
"2","4","12","1MAS126","STY","SC5"
"2","4","12","1MED126","GAM","PA2"
"2","4","12","1WTD126","MIR","T5"
"2","4","11","1ENG116","RIC","SC2"
"2","4","11","1HHD116","SMA","SC3"
"2","4","11","1HIS116","ALL","SC8"
"2","4","11","1PHY116","CDA","S3"
"2","4","11","1WDT116","MIR","T5"
"2","4","10","1ENG106","MMH","B8"
"2","4","10","1EAL106","CLK","R15"
"2","4","10","1MAG106","ARN","SC6"
"2","4","10","1MMM106","ZAH","SC7"
"2","4","10","1SCI106","WHE","S2"
"2","4","10","1ART106","SCO","T3"
"2","4","10","1PFR106","OHA","GYM2"
"2","4","10","1SCE106","LIA","S1"
"2","4","09A","1AID096","FEJ","PA1"
"2","4","09B","1EAL096","CLK","R15"
"2","4","09C","1FTA096","FIT","T8"
"2","4","09D","1LAN096","CLA","TC4"
"2","4","09E","1MAX096","MAN","TC6"
"2","4","09F","1PFR096","MAZ","GYM1"
"2","4","09F","1PSY096","MRE","TC2"
"3","2","12","1ENG126","OBR","SC1"
"3","2","12","1HHD126","BML","SC4"
"3","2","12","1MAG126","OSH","R10"
"3","2","12","1MAS126","STY","SC5"
"3","2","12","1MED126","GAM","PA2"
"3","2","12","1WTD126","MIR","T5"
"3","2","11","1ENG116","RIC","SC2"
"3","2","11","1HHD116","SMA","SC3"
"3","2","11","1HIS116","ALL","SC8"
"3","2","11","1PHY116","CDA","S3"
"3","2","11","1WDT116","MIR","T5"
"3","2","10","1ENG106","MMH","B8"
"3","2","10","1EAL106","CLK","R15"
"3","2","10","1MAG106","ARN","SC6"
"3","2","10","1MMM106","ZAH","SC7"
"3","2","10","1SCI106","WHE","S2"
"3","2","10","1ART106","SCO","T3"
"3","2","10","1PFR106","OHA","R11"
"3","2","10","1SCE106","LIA","S6"
"3","2","09A","1AID096","FEJ","PA1"
"3","2","09B","1EAL096","CLK","R15"
"3","2","09C","1FTA096","FIT","T1"
"3","2","09D","1LAN096","CLA","TC4"
"3","2","09E","1MAX096","MAN","TC6"
"3","2","09F","1PFR096","MAZ","TC1"
"3","2","09F","1PSY096","MRE","TC2"
"7","3","12","1ENG126","OBR","SC1"
"7","3","12","1HHD126","BML","SC4"
"7","3","12","1MAG126","OSH","R10"
"7","3","12","1MAS126","STY","SC5"
"7","3","12","1MED126","GAM","PA2"
"7","3","12","1WTD126","MIR","T5"
"7","3","11","1ENG116","RIC","SC2"
"7","3","11","1HHD116","SMA","SC3"
"7","3","11","1HIS116","ALL","SC8"
"7","3","11","1PHY116","CDA","S3"
"7","3","11","1WDT116","MIR","T5"
"7","3","10","1ENG106","MMH","B8"
"7","3","10","1EAL106","CLK","R15"
"7","3","10","1MAG106","ARN","SC6"
"7","3","10","1MMM106","ZAH","SC7"
"7","3","10","1SCI106","WHE","S2"
"7","3","10","1ART106","SCO","T3"
"7","3","10","1PFR106","OHA","GYM2"
"7","3","10","1SCE106","LIA","S1"
"7","3","09A","1AID096","FEJ","PA1"
"7","3","09B","1EAL096","CLK","R15"
"7","3","09C","1FTA096","FIT","T8"
"7","3","09D","1LAN096","CLA","TC4"
"7","3","09E","1MAX096","MAN","TC6"
"7","3","09F","1PFR096","MAZ","GYM1"
"7","3","09F","1PSY096","MRE","TC2"
"7","4","12","1ENG126","OBR","SC1"
"7","4","12","1HHD126","BML","SC4"
"7","4","12","1MAG126","OSH","R10"
"7","4","12","1MAS126","STY","SC5"
"7","4","12","1MED126","GAM","PA2"
"7","4","12","1WTD126","MIR","T5"
"7","4","11","1ENG116","RIC","SC2"
"7","4","11","1HHD116","SMA","SC3"
"7","4","11","1HIS116","ALL","SC8"
"7","4","11","1PHY116","CDA","S3"
"7","4","11","1WDT116","MIR","T5"
"7","4","10","1ENG106","MMH","B8"
"7","4","10","1EAL106","CLK","R15"
"7","4","10","1MAG106","ARN","SC6"
"7","4","10","1MMM106","ZAH","SC7"
"7","4","10","1SCI106","WHE","S2"
"7","4","10","1ART106","SCO","T3"
"7","4","10","1PFR106","OHA","GYM2"
"7","4","10","1SCE106","LIA","S1"
"7","4","09A","1AID096","FEJ","PA1"
"7","4","09B","1EAL096","CLK","R15"
"7","4","09C","1FTA096","FIT","T8"
"7","4","09D","1LAN096","CLA","TC4"
"7","4","09E","1MAX096","MAN","TC6"
"7","4","09F","1PFR096","MAZ","GYM1"
"7","4","09F","1PSY096","MRE","TC2"
"8","1","12","1ENG126","OBR","SC1"
"8","1","12","1HHD126","BML","SC4"
"8","1","12","1MAG126","OSH","R10"
"8","1","12","1MAS126","STY","SC5"
"8","1","12","1MED126","GAM","PA2"
"8","1","12","1WTD126","MIR","T5"
"8","1","11","1ENG116","RIC","SC2"
"8","1","11","1HHD116","SMA","SC3"
"8","1","11","1HIS116","ALL","SC8"
"8","1","11","1PHY116","CDA","S3"
"8","1","11","1WDT116","MIR","T5"
"8","1","10","1ENG106","MMH","B8"
"8","1","10","1EAL106","CLK","R15"
"8","1","10","1MAG106","ARN","SC6"
"8","1","10","1MMM106","ZAH","SC7"
"8","1","10","1SCI106","WHE","S2"
"8","1","10","1ART106","SCO","T3"
"8","1","10","1PFR106","OHA","R11"
"8","1","10","1SCE106","LIA","S1"
"8","1","09A","1AID096","FEJ","PA1"
"8","1","09B","1EAL096","CLK","R15"
"8","1","09C","1FTA096","FIT","T1"
"8","1","09D","1LAN096","CLA","TC4"
"8","1","09E","1MAX096","MAN","TC6"
"8","1","09F","1PFR096","MAZ","TC3"
"8","1","09F","1PSY096","MRE","TC2"
"6","1","12","1ENG124","HIN","SC1"
"6","1","12","1LEG124","ZHK","R14"
"6","1","12","1MAG124","OSH","R10"
"6","1","12","1PED124","SAN","SC4"
"6","1","12","1PHY124","RIG","S3"
"6","1","12","1PSY124","MRE","SC7"
"6","1","12","1VCD124","SCO","PA1"
"6","1","11","1ENG114","VOU","SC2"
"6","1","11","1BUS114","TSI","R15"
"6","1","11","1CHM114","SMP","S1"
"6","1","11","1FST114","HOP","T8"
"6","1","11","1MAG114","ARN","SC5"
"6","1","10","1ENG104","BII","B3"
"6","1","10","1CGC104","CDS","R11"
"6","1","10","1HIS104","VID","SC8"
"6","1","10","1MAG104","CKS","TC1"
"6","1","10","1MMM104","CHG","SC6"
"6","1","10","1SCI104","PGE","S2"
"6","1","10","1PFR104","MAZ","SC3"
"1","5","ELC","1EWG01B","WIL","SC10"
"2","1","ELC","1EWG01B","WIL","SC10"
"2","2","ELC","1EWG01B","WIL","SC10"
"4","4","ELC","1EWG01B","WIL","SC10"
"5","1","ELC","1EWG01B","WIL","SC10"
"6","1","ELC","1EWG01B","WIL","SC10"
"6","2","ELC","1EWG01B","WIL","SC10"
"7","4","ELC","1EWG01B","WIL","SC10"
"8","1","ELC","1EWG01B","WIL","SC10"
"9","6","ELC","1EWG01B","WIL","SC10"
"10","5","ELC","1EWG01B","WIL","SC10"
"1","1","ELC","1ERV01B","WIL","SC10"
"2","6","ELC","1ERV01B","WIL","SC10"
"3","5","ELC","1ERV01B","WIL","SC10"
"4","3","ELC","1ERV01B","WIL","SC10"
"5","2","ELC","1ERV01B","WIL","SC10"
"7","3","ELC","1ERV01B","WIL","SC10"
"9","2","ELC","1ERV01B","WIL","SC10"
"10","2","ELC","1ERV01B","WIL","SC10"
"2","4","ELC","1ESL01B","PAL","SC10"
"3","2","ELC","1ESL01B","PAL","SC10"
"3","3","ELC","1ESL01B","PAL","SC10"
"4","5","ELC","1ESL01B","PAL","SC10"
"4","6","ELC","1ESL01B","PAL","SC10"
"5","6","ELC","1ESL01B","PAL","SC10"
"6","3","ELC","1ESL01B","PAL","SC10"
"7","6","ELC","1ESL01B","PAL","SC10"
"8","5","ELC","1ESL01B","PAL","SC10"
"8","6","ELC","1ESL01B","PAL","SC10"
"9","3","ELC","1ESL01B","PAL","SC10"
"9","4","ELC","1ESL01B","PAL","SC10"
"10","1","ELC","1ESL01B","PAL","SC10"
"1","3","ELC","1EHU01B","CHA","SC10"
"3","1","ELC","1EHU01B","CHA","SC10"
"4","2","ELC","1EHU01B","CHA","SC10"
"6","5","ELC","1EHU01B","CHA","SC10"
"8","4","ELC","1EHU01B","CHA","SC10"
"9","5","ELC","1EHU01B","CHA","SC10"
"1","6","ELC","1ESC01B","CLK","SC10"
"2","5","ELC","1ESC01B","CLK","SC10"
"3","6","ELC","1ESC01B","CLK","SC10"
"5","3","ELC","1ESC01B","CLK","SC10"
"5","4","ELC","1ESC01B","CLK","SC10"
"7","1","ELC","1ESC01B","CLK","SC10"
"7","2","ELC","1ESC01B","CLK","SC10"
"8","2","ELC","1ESC01B","CLK","SC10"
"10","3","ELC","1ESC01B","CLK","SC10"
"10","4","ELC","1ESC01B","CLK","SC10"
"1","2","ELC","1EMA01B","PEL","SC10"
"2","3","ELC","1EMA01B","PEL","SC10"
"3","4","ELC","1EMA01B","PEL","SC10"
"4","1","ELC","1EMA01B","PEL","SC10"
"5","5","ELC","1EMA01B","PEL","SC10"
"6","6","ELC","1EMA01B","PEL","SC10"
"7","5","ELC","1EMA01B","PEL","SC10"
"8","3","ELC","1EMA01B","PEL","SC10"
"9","1","ELC","1EMA01B","PEL","SC10"
"10","6","ELC","1EMA01B","PEL","SC10"
"1","4","ELC","1PCR01E","WIL","SC10"
"6","4","ELC","1PCR01E","WIL","SC10"
"1","1","12VM","1VLIT124","VOU","R12"
"1","2","12VM","1VLIT124","VOU","R12"
"2","5","12VM","1VLIT124","VOU","R12"
"4","3","12VM","1VLIT124","VOU","R12"
"4","4","12VM","1VLIT124","VOU","R12"
"6","5","12VM","1VLIT124","VOU","R12"
"7","3","12VM","1VLIT124","VOU","R12"
"7","4","12VM","1VLIT124","VOU","R12"
"9","3","12VM","1VLIT124","VOU","R12"
"1","3","12VM","1VPD123","MAZ","R12"
"1","5","12VM","1VPD123","MAZ","R12"
"2","1","12VM","1VPD123","MAZ","R12"
"4","2","12VM","1VPD123","MAZ","R12"
"6","2","12VM","1VPD123","MAZ","R12"
"6","3","12VM","1VPD123","MAZ","R12"
"7","2","12VM","1VPD123","MAZ","R12"
"9","4","12VM","1VPD123","MAZ","R12"
"2","2","12VM","1VWRS125","MIR","R12"
"2","6","12VM","1VWRS125","MIR","R12"
"4","5","12VM","1VWRS125","MIR","R12"
"4","6","12VM","1VWRS125","MIR","R12"
"6","6","12VM","1VWRS125","MIR","R12"
"7","1","12VM","1VWRS125","MIR","R12"
"7","6","12VM","1VWRS125","MIR","R12"
"9","5","12VM","1VWRS125","MIR","R12"
"9","6","12VM","1VWRS125","MIR","R12"
"1","6","12VM","1VNUM122","CRI","R12"
"2","3","12VM","1VNUM122","CRI","R12"
"2","4","12VM","1VNUM122","CRI","R12"
"4","1","12VM","1VNUM122","CRI","R12"
"6","1","12VM","1VNUM122","CRI","R12"
"7","5","12VM","1VNUM122","CRI","R12"
"9","1","12VM","1VNUM122","CRI","R12"
"9","2","12VM","1VNUM122","CRI","R12"
"1","4","12VM","1PCR12V","VOU","R12"
"6","4","12VM","1PCR12V","VOU","R12"
"1","1","11VM","1VWRS115","YOU","R13"
"2","6","11VM","1VWRS115","YOU","R13"
"5","2","11VM","1VWRS115","YOU","R13"
"5","6","11VM","1VWRS115","YOU","R13"
"6","1","11VM","1VWRS115","YOU","R13"
"7","3","11VM","1VWRS115","YOU","R13"
"7","4","11VM","1VWRS115","YOU","R13"
"10","2","11VM","1VWRS115","YOU","R13"
"10","6","11VM","1VWRS115","YOU","R13"
"1","3","11VM","1VPD116","KNK","R13"
"2","3","11VM","1VPD116","KNK","R13"
"2","4","11VM","1VPD116","KNK","R13"
"5","3","11VM","1VPD116","KNK","R13"
"5","4","11VM","1VPD116","KNK","R13"
"6","3","11VM","1VPD116","KNK","R13"
"7","5","11VM","1VPD116","KNK","R13"
"7","6","11VM","1VPD116","KNK","R13"
"10","3","11VM","1VPD116","KNK","R13"
"10","4","11VM","1VPD116","KNK","R13"
"1","4","11VM","1PCR11V","MIR","R13"
"6","4","11VM","1PCR11V","MIR","R13"
"1","4","12","1PCR12A","ZHK","SC4"
"1","4","12","1PCR12B","WAN","SC8"
"1","4","12","1PCR12C","GAM","PA2"
"1","4","12","1PCR12D","STY","SC5"
"1","4","12","1PCR12E","BML","SC7"
"1","4","12","1PCR12F","VID","SC3"
"6","4","12","1PCR12A","ZHK","SC4"
"6","4","12","1PCR12B","WAN","SC8"
"6","4","12","1PCR12C","GAM","PA2"
"6","4","12","1PCR12D","STY","SC5"
"6","4","12","1PCR12E","BML","SC7"
"6","4","12","1PCR12F","VID","SC3"
"1","4","11","1PCR11A","RIC","SC2"
"1","4","11","1PCR11B","HIN","SC1"
"1","4","11","1PCR11C","CHG","SC6"
"1","4","11","1PCR11D","BAK","R15"
"1","4","11","1PCR11E","HOP","T1"
"6","4","11","1PCR11A","RIC","SC2"
"6","4","11","1PCR11B","HIN","SC1"
"6","4","11","1PCR11C","CHG","SC6"
"6","4","11","1PCR11D","BAK","R15"
"6","4","11","1PCR11E","HOP","T1"
"1","4","10","1PCR10A","HOY","S6"
"1","4","10","1PCR10B","KNK","S5"
"1","4","10","1PCR10C","ARN","R10"
"1","4","10","1PCR10D","RIG","S4"
"1","4","10","1PCR10E","BII","S2"
"1","4","10","1PCR10F","TSI","R14"
"1","4","10","1PCR10G","SCO","S3"
"1","4","10","1PCR10H","CLK","PA1"
"6","4","10","1PCR10A","HOY","S6"
"6","4","10","1PCR10B","KNK","S5"
"6","4","10","1PCR10C","ARN","R10"
"6","4","10","1PCR10D","RIG","S4"
"6","4","10","1PCR10E","BII","S2"
"6","4","10","1PCR10F","TSI","R14"
"6","4","10","1PCR10G","SCO","S3"
"6","4","10","1PCR10H","CLK","PA1"
"1","5","09A","1ENG09A","WEO","B3"
"3","3","09A","1ENG09A","WEO","B1"
"4","3","09A","1ENG09A","WEO","B8"
"5","1","09A","1ENG09A","WEO","B1"
"6","5","09A","1ENG09A","WEO","B8"
"7","2","09A","1ENG09A","WEO","TC5"
"8","4","09A","1ENG09A","WEO","LIB1"
"9","4","09A","1ENG09A","WEO","B1"
"10","5","09A","1ENG09A","WEO","B1"
"1","6","09A","1HIS09A","OBR","TC5"
"2","5","09A","1HIS09A","OBR","TC5"
"3","1","09A","1HIS09A","OBR","TC6"
"5","5","09A","1HIS09A","OBR","TC5"
"6","6","09A","1HIS09A","OBR","TC6"
"8","2","09A","1HIS09A","OBR","TC4"
"9","6","09A","1HIS09A","OBR","TC6"
"10","2","09A","1HIS09A","OBR","TC5"
"1","2","09A","1MTH09A","HLE","TC3"
"2","1","09A","1MTH09A","HLE","TC4"
"3","4","09A","1MTH09A","HLE","TC3"
"4","4","09A","1MTH09A","HLE","TC3"
"5","2","09A","1MTH09A","HLE","TC3"
"6","2","09A","1MTH09A","HLE","TC3"
"7","1","09A","1MTH09A","HLE","TC3"
"8","3","09A","1MTH09A","HLE","B3"
"9","3","09A","1MTH09A","HLE","TC4"
"1","1","09A","1SCI09A","HOY","S6"
"2","6","09A","1SCI09A","HOY","S4"
"4","1","09A","1SCI09A","HOY","S4"
"4","2","09A","1SCI09A","HOY","S4"
"7","5","09A","1SCI09A","HOY","S4"
"7","6","09A","1SCI09A","HOY","S4"
"9","5","09A","1SCI09A","HOY","S6"
"10","6","09A","1SCI09A","HOY","S6"
"4","5","09A","1PED09A","KNK","GYM1"
"4","6","09A","1PED09A","KNK","GYM1"
"9","1","09A","1PED09A","KNK","GYM1"
"9","2","09A","1PED09A","KNK","GYM1"
"2","2","09A","1HHD09A","KNK","TC1"
"5","6","09A","1HHD09A","KNK","TC1"
"6","1","09A","1HHD09A","KNK","TC4"
"10","1","09A","1HHD09A","KNK","TC2"
"1","4","09A","1PCR09A","CLA","TC1"
"6","4","09A","1PCR09A","CLA","TC1"
"1","5","09B","1ENG09B","MMH","LIB1"
"2","2","09B","1ENG09B","MMH","B7"
"3","4","09B","1ENG09B","MMH","B8"
"4","1","09B","1ENG09B","MMH","B8"
"4","2","09B","1ENG09B","MMH","B8"
"6","5","09B","1ENG09B","MMH","B2"
"7","5","09B","1ENG09B","MMH","B7"
"8","3","09B","1ENG09B","MMH","B8"
"9","6","09B","1ENG09B","MMH","B8"
"1","6","09B","1GEO09B","CHA","TC6"
"2","6","09B","1GEO09B","CHA","TC6"
"4","6","09B","1GEO09B","CHA","TC6"
"5","6","09B","1GEO09B","CHA","TC6"
"6","2","09B","1GEO09B","CHA","TC6"
"7","6","09B","1GEO09B","CHA","TC6"
"8","2","09B","1GEO09B","CHA","TC6"
"9","1","09B","1GEO09B","CHA","TC6"
"1","1","09B","1MTH09B","HLE","TC3"
"2","5","09B","1MTH09B","HLE","TC3"
"3","3","09B","1MTH09B","HLE","TC3"
"4","5","09B","1MTH09B","HLE","TC3"
"6","6","09B","1MTH09B","HLE","TC3"
"7","2","09B","1MTH09B","HLE","TC3"
"8","4","09B","1MTH09B","HLE","TC3"
"9","5","09B","1MTH09B","HLE","TC3"
"10","2","09B","1MTH09B","HLE","TC4"
"1","2","09B","1SCI09B","GIB","S6"
"4","3","09B","1SCI09B","GIB","S6"
"4","4","09B","1SCI09B","GIB","S6"
"5","5","09B","1SCI09B","GIB","S5"
"6","1","09B","1SCI09B","GIB","S4"
"9","3","09B","1SCI09B","GIB","S6"
"9","4","09B","1SCI09B","GIB","S6"
"10","1","09B","1SCI09B","GIB","S4"
"5","1","09B","1PED09B","ANM","GYM1"
"5","2","09B","1PED09B","ANM","GYM1"
"10","5","09B","1PED09B","ANM","GYM1"
"10","6","09B","1PED09B","ANM","GYM1"
"2","1","09B","1HHD09B","ANM","TC2"
"3","1","09B","1HHD09B","ANM","S5"
"7","1","09B","1HHD09B","ANM","B3"
"9","2","09B","1HHD09B","ANM","TC6"
"1","4","09B","1PCR09B","HLE","TC3"
"6","4","09B","1PCR09B","HLE","TC3"
"2","1","09C","1ENG09C","BII","LIB1"
"4","4","09C","1ENG09C","BII","B3"
"5","1","09C","1ENG09C","BII","B3"
"5","6","09C","1ENG09C","BII","TC4"
"7","1","09C","1ENG09C","BII","TC5"
"7","6","09C","1ENG09C","BII","B1"
"9","3","09C","1ENG09C","BII","B2"
"9","4","09C","1ENG09C","BII","B2"
"10","6","09C","1ENG09C","BII","B1"
"2","6","09C","1HIS09C","DYL","TC5"
"3","3","09C","1HIS09C","DYL","TC6"
"4","2","09C","1HIS09C","DYL","TC4"
"5","2","09C","1HIS09C","DYL","TC5"
"6","1","09C","1HIS09C","DYL","TC5"
"6","2","09C","1HIS09C","DYL","TC5"
"9","2","09C","1HIS09C","DYL","TC5"
"10","1","09C","1HIS09C","DYL","TC5"
"1","2","09C","1MTH09C","CKS","B8"
"2","2","09C","1MTH09C","CKS","B3"
"4","1","09C","1MTH09C","CKS","B1"
"4","3","09C","1MTH09C","CKS","B3"
"6","6","09C","1MTH09C","CKS","TC1"
"9","1","09C","1MTH09C","CKS","B3"
"10","5","09C","1MTH09C","CKS","B3"
"5","5","09C","1MTH09C","CHG","TC2"
"7","2","09C","1MTH09C","CHG","B3"
"1","5","09C","1SCI09C","SMP","S4"
"1","6","09C","1SCI09C","SMP","S4"
"2","5","09C","1SCI09C","SMP","S5"
"3","1","09C","1SCI09C","SMP","S4"
"6","5","09C","1SCI09C","SMP","S4"
"8","2","09C","1SCI09C","SMP","S6"
"9","5","09C","1SCI09C","SMP","S4"
"9","6","09C","1SCI09C","SMP","S4"
"4","5","09C","1PED09C","CDS","GYM2"
"4","6","09C","1PED09C","CDS","GYM2"
"8","3","09C","1PED09C","CDS","GYM2"
"8","4","09C","1PED09C","CDS","GYM2"
"1","1","09C","1HHD09C","CDS","R14"
"3","4","09C","1HHD09C","CDS","TC4"
"7","5","09C","1HHD09C","CDS","TC3"
"10","2","09C","1HHD09C","CDS","TC2"
"1","4","09C","1PCR09C","KNO","B8"
"6","4","09C","1PCR09C","KNO","B8"
"1","6","09D","1ENG09D","BII","LIB1"
"2","2","09D","1ENG09D","BII","B8"
"3","1","09D","1ENG09D","BII","B8"
"4","3","09D","1ENG09D","BII","TC5"
"6","6","09D","1ENG09D","BII","B8"
"8","2","09D","1ENG09D","BII","B8"
"9","1","09D","1ENG09D","BII","TC4"
"9","2","09D","1ENG09D","BII","TC4"
"10","1","09D","1ENG09D","BII","B8"
"1","1","09D","1GEO09D","CHA","TC6"
"2","5","09D","1GEO09D","CHA","TC6"
"4","1","09D","1GEO09D","CHA","TC6"
"5","2","09D","1GEO09D","CHA","TC6"
"6","1","09D","1GEO09D","CHA","TC6"
"7","1","09D","1GEO09D","CHA","TC6"
"7","2","09D","1GEO09D","CHA","TC6"
"10","2","09D","1GEO09D","CHA","TC6"
"1","5","09D","1MTH09D","CHG","TC2"
"2","1","09D","1MTH09D","CHG","B8"
"4","4","09D","1MTH09D","CHG","TC5"
"5","1","09D","1MTH09D","CHG","TC5"
"5","6","09D","1MTH09D","CHG","TC2"
"6","2","09D","1MTH09D","CHG","TC4"
"6","5","09D","1MTH09D","CHG","TC5"
"9","5","09D","1MTH09D","CHG","TC6"
"10","6","09D","1MTH09D","CHG","TC5"
"1","2","09D","1SCI09D","CDA","S5"
"4","5","09D","1SCI09D","CDA","S4"
"4","6","09D","1SCI09D","CDA","S4"
"5","5","09D","1SCI09D","CDA","S4"
"7","6","09D","1SCI09D","CDA","S1"
"9","3","09D","1SCI09D","CDA","S3"
"9","4","09D","1SCI09D","CDA","S3"
"10","5","09D","1SCI09D","CDA","S3"
"3","3","09D","1PED09D","OHA","GYM1"
"3","4","09D","1PED09D","OHA","GYM1"
"8","3","09D","1PED09D","OHA","GYM1"
"8","4","09D","1PED09D","OHA","GYM1"
"2","6","09D","1HHD09D","OHA","B3"
"4","2","09D","1HHD09D","OHA","TC6"
"7","5","09D","1HHD09D","OHA","TC6"
"9","6","09D","1HHD09D","OHA","B7"
"1","4","09D","1PCR09D","CHA","TC6"
"6","4","09D","1PCR09D","CHA","TC6"
"2","6","09E","1ENG09E","RIC","TC3"
"3","4","09E","1ENG09E","RIC","LIB1"
"4","3","09E","1ENG09E","RIC","B2"
"4","4","09E","1ENG09E","RIC","B2"
"5","2","09E","1ENG09E","RIC","B2"
"7","5","09E","1ENG09E","RIC","TC5"
"7","6","09E","1ENG09E","RIC","TC5"
"8","4","09E","1ENG09E","RIC","TC5"
"9","2","09E","1ENG09E","RIC","B2"
"1","1","09E","1HIS09E","VID","TC2"
"4","5","09E","1HIS09E","VID","TC2"
"4","6","09E","1HIS09E","VID","TC2"
"5","1","09E","1HIS09E","VID","B2"
"9","3","09E","1HIS09E","VID","B8"
"9","4","09E","1HIS09E","VID","B8"
"10","5","09E","1HIS09E","VID","TC2"
"10","6","09E","1HIS09E","VID","TC2"
"2","5","09E","1MTH09E","ZAH","TC2"
"3","1","09E","1MTH09E","ZAH","R12"
"4","1","09E","1MTH09E","ZAH","TC1"
"4","2","09E","1MTH09E","ZAH","TC1"
"6","2","09E","1MTH09E","ZAH","TC2"
"8","2","09E","1MTH09E","ZAH","R12"
"9","5","09E","1MTH09E","ZAH","TC2"
"9","6","09E","1MTH09E","ZAH","TC2"
"10","2","09E","1MTH09E","ZAH","B3"
"1","5","09E","1SCI09E","LIA","S6"
"1","6","09E","1SCI09E","LIA","S6"
"2","1","09E","1SCI09E","LIA","S6"
"3","3","09E","1SCI09E","LIA","S5"
"6","1","09E","1SCI09E","LIA","S6"
"7","1","09E","1SCI09E","LIA","S6"
"7","2","09E","1SCI09E","LIA","S6"
"8","3","09E","1SCI09E","LIA","S5"
"5","5","09E","1PED09E","ANM","GYM1"
"5","6","09E","1PED09E","ANM","GYM1"
"6","5","09E","1PED09E","ANM","GYM1"
"6","6","09E","1PED09E","ANM","GYM1"
"1","2","09E","1HHD09E","ANM","TC1"
"2","2","09E","1HHD09E","ANM","B1"
"9","1","09E","1HHD09E","ANM","B1"
"10","1","09E","1HHD09E","ANM","TC6"
"1","4","09E","1PCR09E","ZAH","R11"
"6","4","09E","1PCR09E","ZAH","R11"
"1","6","09F","1ENG09F","MMH","B8"
"3","3","09F","1ENG09F","MMH","B8"
"4","5","09F","1ENG09F","MMH","LIB1"
"5","1","09F","1ENG09F","MMH","B8"
"5","2","09F","1ENG09F","MMH","B8"
"6","1","09F","1ENG09F","MMH","B8"
"7","1","09F","1ENG09F","MMH","B8"
"9","1","09F","1ENG09F","MMH","B8"
"10","2","09F","1ENG09F","MMH","B8"
"2","1","09F","1GEO09F","CHA","TC6"
"2","2","09F","1GEO09F","CHA","TC6"
"3","4","09F","1GEO09F","CHA","TC6"
"4","3","09F","1GEO09F","CHA","TC6"
"8","3","09F","1GEO09F","CHA","TC6"
"9","3","09F","1GEO09F","CHA","TC6"
"9","4","09F","1GEO09F","CHA","TC6"
"10","6","09F","1GEO09F","CHA","TC6"
"1","1","09F","1MTH09F","CKS","B1"
"1","5","09F","1MTH09F","CKS","B8"
"4","6","09F","1MTH09F","CKS","B3"
"5","6","09F","1MTH09F","CKS","B3"
"6","2","09F","1MTH09F","CKS","B3"
"7","2","09F","1MTH09F","CKS","TC1"
"8","2","09F","1MTH09F","CKS","TC3"
"9","2","09F","1MTH09F","CKS","B1"
"10","1","09F","1MTH09F","CKS","TC1"
"1","2","09F","1SCI09F","LIA","S4"
"2","5","09F","1SCI09F","LIA","S6"
"2","6","09F","1SCI09F","LIA","S6"
"3","1","09F","1SCI09F","LIA","S6"
"6","6","09F","1SCI09F","LIA","S4"
"7","5","09F","1SCI09F","LIA","S6"
"7","6","09F","1SCI09F","LIA","S6"
"8","4","09F","1SCI09F","LIA","S2"
"4","1","09F","1PED09F","GIB","GYM4"
"4","2","09F","1PED09F","GIB","GYM4"
"9","5","09F","1PED09F","GIB","GYM4"
"9","6","09F","1PED09F","GIB","GYM4"
"4","4","09F","1HHD09F","MAZ","TC2"
"5","5","09F","1HHD09F","MAZ","R12"
"6","5","09F","1HHD09F","MAZ","S5"
"10","5","09F","1HHD09F","MAZ","R12"
"1","4","09F","1PCR09F","MMH","LIB1"
"6","4","09F","1PCR09F","MMH","LIB1"
"1","2","08A","1ENG08A","MMH","B4"
"2","6","08A","1ENG08A","MMH","B4"
"4","4","08A","1ENG08A","MMH","B4"
"5","5","08A","1ENG08A","MMH","B4"
"6","2","08A","1ENG08A","MMH","B4"
"7","2","08A","1ENG08A","MMH","LIB1"
"9","3","08A","1ENG08A","MMH","B4"
"9","4","08A","1ENG08A","MMH","B4"
"10","4","08A","1ENG08A","MMH","B4"
"1","5","08A","1HUM08A","CHA","B4"
"2","3","08A","1HUM08A","CHA","B4"
"2","4","08A","1HUM08A","CHA","B4"
"3","2","08A","1HUM08A","CHA","B4"
"6","6","08A","1HUM08A","CHA","B4"
"7","3","08A","1HUM08A","CHA","B4"
"8","1","08A","1HUM08A","CHA","B4"
"1","6","08A","1MTH08A","CKS","B4"
"2","1","08A","1MTH08A","CKS","B4"
"3","1","08A","1MTH08A","CKS","B4"
"5","3","08A","1MTH08A","CKS","B4"
"5","4","08A","1MTH08A","CKS","B4"
"6","5","08A","1MTH08A","CKS","B4"
"7","1","08A","1MTH08A","CKS","B4"
"7","4","08A","1MTH08A","CKS","B4"
"10","3","08A","1MTH08A","CKS","B4"
"1","1","08A","1SCI08A","WAN","S4"
"2","5","08A","1SCI08A","WAN","S4"
"3","3","08A","1SCI08A","WAN","S4"
"3","4","08A","1SCI08A","WAN","S4"
"8","3","08A","1SCI08A","WAN","S4"
"8","4","08A","1SCI08A","WAN","S4"
"10","2","08A","1SCI08A","WAN","S4"
"1","3","08A","1LAN08A","FEL","B4"
"4","3","08A","1LAN08A","FEL","B4"
"5","6","08A","1LAN08A","FEL","B4"
"6","3","08A","1LAN08A","FEL","B4"
"8","2","08A","1LAN08A","FEL","B4"
"10","1","08A","1LAN08A","FEL","B4"
"2","2","08A","1MTR08A","GAM","T7"
"4","5","08A","1MTR08A","GAM","T7"
"4","6","08A","1MTR08A","GAM","T7"
"6","1","08A","1MTR08A","GAM","T7"
"9","1","08A","1MTR08A","GAM","T7"
"9","2","08A","1MTR08A","GAM","T7"
"5","1","08A","1ART08A","FEJ","T4"
"5","2","08A","1ART08A","FEJ","T4"
"7","5","08A","1ART08A","FEJ","T4"
"7","6","08A","1ART08A","FEJ","T4"
"10","5","08A","1ART08A","FEJ","T4"
"10","6","08A","1ART08A","FEJ","T4"
"1","4","08A","1PCR08A","FEJ","B4"
"6","4","08A","1PCR08A","FEJ","B4"
"1","3","08B","1ENG08B","KNO","TC6"
"3","1","08B","1ENG08B","KNO","R13"
"3","2","08B","1ENG08B","KNO","R13"
"5","6","08B","1ENG08B","KNO","TC3"
"6","5","08B","1ENG08B","KNO","TC6"
"8","1","08B","1ENG08B","KNO","R13"
"8","2","08B","1ENG08B","KNO","R13"
"10","2","08B","1ENG08B","KNO","LIB1"
"10","3","08B","1ENG08B","KNO","B3"
"1","5","08B","1HUM08B","SPK","TC5"
"2","1","08B","1HUM08B","SPK","TC5"
"2","2","08B","1HUM08B","SPK","TC5"
"6","1","08B","1HUM08B","SPK","TC2"
"6","3","08B","1HUM08B","SPK","TC3"
"7","3","08B","1HUM08B","SPK","TC5"
"9","4","08B","1HUM08B","SPK","TC5"
"1","2","08B","1MTH08B","ZAH","TC2"
"2","6","08B","1MTH08B","ZAH","TC2"
"3","4","08B","1MTH08B","ZAH","TC2"
"4","5","08B","1MTH08B","ZAH","TC1"
"6","6","08B","1MTH08B","ZAH","TC2"
"7","5","08B","1MTH08B","ZAH","TC2"
"8","3","08B","1MTH08B","ZAH","TC5"
"9","3","08B","1MTH08B","ZAH","B7"
"10","5","08B","1MTH08B","ZAH","B8"
"2","3","08B","1SCI08B","WAN","S6"
"2","4","08B","1SCI08B","WAN","S6"
"5","5","08B","1SCI08B","WAN","S6"
"6","2","08B","1SCI08B","WAN","S5"
"7","4","08B","1SCI08B","WAN","S6"
"8","5","08B","1SCI08B","WAN","S2"
"8","6","08B","1SCI08B","WAN","S2"
"1","1","08B","1LAN08B","CLA","TC4"
"2","5","08B","1LAN08B","CLA","TC4"
"3","3","08B","1LAN08B","CLA","TC4"
"7","6","08B","1LAN08B","CLA","TC4"
"8","4","08B","1LAN08B","CLA","TC4"
"10","4","08B","1LAN08B","CLA","TC4"
"3","5","08B","1PED08B","OHA","GYM2"
"3","6","08B","1PED08B","OHA","GYM2"
"7","1","08B","1PED08B","OHA","GYM1"
"7","2","08B","1PED08B","OHA","GYM1"
"4","3","08B","1HEC08B","OHA","T1"
"4","4","08B","1HEC08B","OHA","T1"
"5","1","08B","1HEC08B","OHA","T1"
"5","2","08B","1HEC08B","OHA","T1"
"9","1","08B","1HEC08B","OHA","T1"
"9","2","08B","1HEC08B","OHA","T1"
"1","6","08B","1MUS08B","MAR","PA6"
"4","6","08B","1MUS08B","MAR","PA6"
"10","6","08B","1MUS08B","MAR","PA6"
"5","3","08B","1DRA08B","HIN","PA3"
"5","4","08B","1DRA08B","HIN","PA3"
"10","1","08B","1DRA08B","HIN","PA3"
"1","4","08B","1PCR08B","SPK","TC2"
"6","4","08B","1PCR08B","SPK","TC2"
"1","1","08C","1ENG08C","WEO","B5"
"3","1","08C","1ENG08C","WEO","B5"
"5","3","08C","1ENG08C","WEO","B5"
"5","4","08C","1ENG08C","WEO","B5"
"7","5","08C","1ENG08C","WEO","B5"
"7","6","08C","1ENG08C","WEO","B5"
"8","2","08C","1ENG08C","WEO","LIB1"
"9","2","08C","1ENG08C","WEO","B5"
"10","1","08C","1ENG08C","WEO","B5"
"1","6","08C","1HUM08C","VID","B5"
"2","3","08C","1HUM08C","VID","B5"
"2","4","08C","1HUM08C","VID","B5"
"4","4","08C","1HUM08C","VID","B5"
"6","5","08C","1HUM08C","VID","B5"
"7","3","08C","1HUM08C","VID","B5"
"9","1","08C","1HUM08C","VID","B5"
"1","3","08C","1MTH08C","CRI","B5"
"1","5","08C","1MTH08C","CRI","B5"
"2","5","08C","1MTH08C","CRI","B5"
"2","6","08C","1MTH08C","CRI","B5"
"4","6","08C","1MTH08C","CRI","B5"
"6","3","08C","1MTH08C","CRI","B5"
"7","4","08C","1MTH08C","CRI","B5"
"9","3","08C","1MTH08C","CRI","B5"
"9","4","08C","1MTH08C","CRI","B5"
"2","1","08C","1SCI08C","SMP","S4"
"2","2","08C","1SCI08C","SMP","S4"
"4","3","08C","1SCI08C","SMP","S4"
"5","1","08C","1SCI08C","SMP","S4"
"7","1","08C","1SCI08C","SMP","S4"
"7","2","08C","1SCI08C","SMP","S4"
"10","5","08C","1SCI08C","SMP","S4"
"3","2","08C","1LAN08C","FEL","B5"
"4","5","08C","1LAN08C","FEL","B5"
"5","2","08C","1LAN08C","FEL","B5"
"6","6","08C","1LAN08C","FEL","B5"
"8","1","08C","1LAN08C","FEL","B5"
"10","6","08C","1LAN08C","FEL","B5"
"1","2","08C","1MTR08C","GAM","T7"
"3","3","08C","1MTR08C","GAM","T7"
"3","4","08C","1MTR08C","GAM","T7"
"8","3","08C","1MTR08C","GAM","T7"
"8","4","08C","1MTR08C","GAM","T7"
"10","2","08C","1MTR08C","GAM","T7"
"5","5","08C","1ART08C","FEJ","T4"
"5","6","08C","1ART08C","FEJ","T4"
"6","1","08C","1ART08C","FEJ","T4"
"6","2","08C","1ART08C","FEJ","T4"
"10","3","08C","1ART08C","FEJ","T4"
"10","4","08C","1ART08C","FEJ","T4"
"1","4","08C","1PCR08C","FEL","B5"
"6","4","08C","1PCR08C","FEL","B5"
"1","6","08D","1ENG08D","MCI","B1"
"4","1","08D","1ENG08D","MCI","B7"
"5","2","08D","1ENG08D","MCI","TC4"
"5","6","08D","1ENG08D","MCI","LIB1"
"7","3","08D","1ENG08D","MCI","TC3"
"8","1","08D","1ENG08D","MCI","TC1"
"8","4","08D","1ENG08D","MCI","TC6"
"9","4","08D","1ENG08D","MCI","TC3"
"10","6","08D","1ENG08D","MCI","TC3"
"1","1","08D","1HUM08D","SPK","TC5"
"1","2","08D","1HUM08D","SPK","TC5"
"2","4","08D","1HUM08D","SPK","B3"
"4","4","08D","1HUM08D","SPK","TC6"
"6","6","08D","1HUM08D","SPK","TC4"
"7","4","08D","1HUM08D","SPK","TC5"
"9","5","08D","1HUM08D","SPK","TC5"
"1","3","08D","1MTH08D","OSH","B3"
"2","1","08D","1MTH08D","OSH","B1"
"4","2","08D","1MTH08D","OSH","B1"
"4","3","08D","1MTH08D","OSH","B1"
"5","1","08D","1MTH08D","OSH","R12"
"6","3","08D","1MTH08D","OSH","B1"
"7","2","08D","1MTH08D","OSH","B6"
"9","3","08D","1MTH08D","OSH","B1"
"10","3","08D","1MTH08D","OSH","B1"
"3","5","08D","1SCI08D","CDA","S4"
"3","6","08D","1SCI08D","CDA","S4"
"5","3","08D","1SCI08D","CDA","S6"
"6","2","08D","1SCI08D","CDA","S4"
"8","2","08D","1SCI08D","CDA","S4"
"10","1","08D","1SCI08D","CDA","S6"
"10","2","08D","1SCI08D","CDA","S6"
"4","5","08D","1PED08D","ANM","GYM3"
"4","6","08D","1PED08D","ANM","GYM3"
"8","5","08D","1PED08D","ANM","GYM3"
"8","6","08D","1PED08D","ANM","GYM3"
"2","2","08D","1HHD08D","OHA","TC3"
"5","4","08D","1HHD08D","OHA","TC4"
"6","1","08D","1HHD08D","OHA","B1"
"10","4","08D","1HHD08D","OHA","B1"
"2","5","08D","1HEC08D","FIT","T1"
"2","6","08D","1HEC08D","FIT","T1"
"3","3","08D","1HEC08D","FIT","T1"
"3","4","08D","1HEC08D","FIT","T1"
"7","5","08D","1HEC08D","FIT","T1"
"7","6","08D","1HEC08D","FIT","T1"
"2","3","08D","1MUS08D","MAR","PA6"
"7","1","08D","1MUS08D","MAR","PA6"
"9","6","08D","1MUS08D","MAR","PA6"
"3","2","08D","1DRA08D","HIN","PA3"
"9","1","08D","1DRA08D","HIN","PA4"
"9","2","08D","1DRA08D","HIN","PA4"
"1","4","08D","1PCR08D","ANM","TC5"
"6","4","08D","1PCR08D","ANM","TC5"
"1","1","08E","1ENG08E","MCI","LIB1"
"4","5","08E","1ENG08E","MCI","TC4"
"5","3","08E","1ENG08E","MCI","B1"
"5","4","08E","1ENG08E","MCI","B1"
"7","4","08E","1ENG08E","MCI","B3"
"7","5","08E","1ENG08E","MCI","B3"
"9","3","08E","1ENG08E","MCI","TC3"
"10","1","08E","1ENG08E","MCI","B3"
"10","4","08E","1ENG08E","MCI","B7"
"2","3","08E","1HUM08E","DYL","TC5"
"2","4","08E","1HUM08E","DYL","TC5"
"3","2","08E","1HUM08E","DYL","TC5"
"5","6","08E","1HUM08E","DYL","TC5"
"6","6","08E","1HUM08E","DYL","TC5"
"8","1","08E","1HUM08E","DYL","TC5"
"8","2","08E","1HUM08E","DYL","TC5"
"1","6","08E","1MTH08E","ZAH","TC2"
"2","2","08E","1MTH08E","ZAH","TC2"
"3","6","08E","1MTH08E","ZAH","TC3"
"4","6","08E","1MTH08E","ZAH","TC1"
"6","5","08E","1MTH08E","ZAH","TC2"
"10","3","08E","1MTH08E","ZAH","S5"
"7","6","08E","1MTH08E","WHE","TC3"
"8","5","08E","1MTH08E","WHE","TC3"
"9","4","08E","1MTH08E","WHE","TC2"
"1","5","08E","1SCI08E","WHE","S3"
"3","5","08E","1SCI08E","WHE","S1"
"5","1","08E","1SCI08E","WHE","S6"
"5","2","08E","1SCI08E","WHE","S6"
"9","1","08E","1SCI08E","WHE","S6"
"9","2","08E","1SCI08E","WHE","S6"
"10","5","08E","1SCI08E","WHE","S6"
"1","2","08E","1LAN08E","CLA","TC4"
"1","3","08E","1LAN08E","CLA","TC4"
"3","1","08E","1LAN08E","CLA","TC4"
"6","3","08E","1LAN08E","CLA","TC4"
"8","6","08E","1LAN08E","CLA","TC4"
"10","6","08E","1LAN08E","CLA","TC4"
"2","5","08E","1PED08E","ANM","GYM1"
"2","6","08E","1PED08E","ANM","GYM1"
"6","1","08E","1PED08E","ANM","GYM1"
"6","2","08E","1PED08E","ANM","GYM1"
"2","1","08E","1HHD08E","MLM","TC3"
"5","5","08E","1HHD08E","MLM","TC1"
"7","3","08E","1HHD08E","MLM","TC1"
"10","2","08E","1HHD08E","MLM","R12"
"4","1","08E","1MTR08E","GAM","T7"
"4","2","08E","1MTR08E","GAM","T7"
"7","1","08E","1MTR08E","GAM","T7"
"7","2","08E","1MTR08E","GAM","T7"
"9","5","08E","1MTR08E","GAM","T7"
"9","6","08E","1MTR08E","GAM","T7"
"3","3","08E","1ART08E","FEJ","T4"
"3","4","08E","1ART08E","FEJ","T4"
"4","3","08E","1ART08E","FEJ","T4"
"4","4","08E","1ART08E","FEJ","T4"
"8","3","08E","1ART08E","FEJ","T4"
"8","4","08E","1ART08E","FEJ","T4"
"1","4","08E","1PCR08E","WHE","TC4"
"6","4","08E","1PCR08E","WHE","TC4"
"2","6","07A","1ENG07A","ALL","B1"
"4","5","07A","1ENG07A","ALL","B1"
"4","6","07A","1ENG07A","ALL","B1"
"5","2","07A","1ENG07A","ALL","LIB1"
"5","5","07A","1ENG07A","ALL","LIB1"
"7","1","07A","1ENG07A","ALL","B1"
"8","4","07A","1ENG07A","ALL","B1"
"9","5","07A","1ENG07A","ALL","B1"
"10","1","07A","1ENG07A","ALL","B1"
"2","3","07A","1HUM07A","WEO","B1"
"2","4","07A","1HUM07A","WEO","B1"
"3","2","07A","1HUM07A","WEO","B1"
"5","6","07A","1HUM07A","WEO","B1"
"7","3","07A","1HUM07A","WEO","B1"
"7","4","07A","1HUM07A","WEO","B1"
"8","1","07A","1HUM07A","WEO","B1"
"1","3","07A","1MTH07A","MAN","B1"
"1","5","07A","1MTH07A","MAN","B1"
"2","5","07A","1MTH07A","MAN","B1"
"3","1","07A","1MTH07A","MAN","B1"
"6","2","07A","1MTH07A","MAN","B1"
"6","5","07A","1MTH07A","MAN","B1"
"7","2","07A","1MTH07A","MAN","B1"
"8","2","07A","1MTH07A","MAN","B1"
"8","3","07A","1MTH07A","MAN","B1"
"3","3","07A","1SCI07A","GIB","S6"
"3","4","07A","1SCI07A","GIB","S6"
"5","3","07A","1SCI07A","GIB","S5"
"6","3","07A","1SCI07A","GIB","S6"
"6","6","07A","1SCI07A","GIB","S6"
"10","3","07A","1SCI07A","GIB","S6"
"10","4","07A","1SCI07A","GIB","S6"
"1","6","07A","1LAN07A","FEL","TC3"
"4","2","07A","1LAN07A","FEL","TC3"
"5","4","07A","1LAN07A","FEL","TC3"
"6","1","07A","1LAN07A","FEL","TC3"
"9","6","07A","1LAN07A","FEL","TC3"
"10","2","07A","1LAN07A","FEL","TC3"
"3","5","07A","1PED07A","ANM","GYM4"
"3","6","07A","1PED07A","ANM","GYM4"
"7","5","07A","1PED07A","ANM","GYM2"
"7","6","07A","1PED07A","ANM","GYM2"
"1","1","07A","1HEC07A","FIT","T1"
"1","2","07A","1HEC07A","FIT","T1"
"2","1","07A","1HEC07A","FIT","T1"
"2","2","07A","1HEC07A","FIT","T1"
"8","5","07A","1HEC07A","FIT","T1"
"8","6","07A","1HEC07A","FIT","T1"
"4","1","07A","1MUS07A","MAR","PA6"
"9","1","07A","1MUS07A","MAR","PA6"
"9","2","07A","1MUS07A","MAR","PA6"
"5","1","07A","1DRA07A","KNO","PA3"
"10","5","07A","1DRA07A","KNO","PA3"
"10","6","07A","1DRA07A","KNO","PA3"
"1","4","07A","1PCR07A","GIB","B1"
"6","4","07A","1PCR07A","GIB","B1"
"1","1","07B","1ENG07B","ADF","B2"
"2","5","07B","1ENG07B","ADF","B2"
"2","6","07B","1ENG07B","ADF","B2"
"3","4","07B","1ENG07B","ADF","B2"
"4","2","07B","1ENG07B","ADF","B2"
"7","2","07B","1ENG07B","ADF","B2"
"8","4","07B","1ENG07B","ADF","B2"
"8","5","07B","1ENG07B","ADF","B2"
"10","5","07B","1ENG07B","ADF","B2"
"1","5","07B","1HUM07B","ZHK","B2"
"2","1","07B","1HUM07B","ZHK","B2"
"3","5","07B","1HUM07B","ZHK","B2"
"5","6","07B","1HUM07B","ZHK","B2"
"7","3","07B","1HUM07B","ZHK","B2"
"7","4","07B","1HUM07B","ZHK","B2"
"8","1","07B","1HUM07B","ZHK","B2"
"1","6","07B","1MTH07B","WHE","B2"
"2","2","07B","1MTH07B","WHE","B2"
"3","3","07B","1MTH07B","WHE","B2"
"4","6","07B","1MTH07B","WHE","B2"
"5","5","07B","1MTH07B","WHE","B2"
"6","1","07B","1MTH07B","WHE","B2"
"7","5","07B","1MTH07B","WHE","B2"
"8","3","07B","1MTH07B","WHE","B2"
"10","1","07B","1MTH07B","WHE","B2"
"1","3","07B","1SCI07B","HOY","S6"
"3","1","07B","1SCI07B","HOY","S1"
"3","2","07B","1SCI07B","HOY","S1"
"6","3","07B","1SCI07B","HOY","S1"
"8","2","07B","1SCI07B","HOY","S1"
"10","3","07B","1SCI07B","HOY","S1"
"10","4","07B","1SCI07B","HOY","S1"
"2","3","07B","1LAN07B","PAL","B2"
"3","6","07B","1LAN07B","PAL","B2"
"4","1","07B","1LAN07B","PAL","B2"
"6","2","07B","1LAN07B","PAL","B2"
"7","1","07B","1LAN07B","PAL","B2"
"10","2","07B","1LAN07B","PAL","B2"
"5","1","07B","1PED07B","GIB","GYM2"
"5","2","07B","1PED07B","GIB","GYM2"
"9","1","07B","1PED07B","GIB","GYM2"
"9","2","07B","1PED07B","GIB","GYM2"
"1","2","07B","1DIG07B","SMP","B2"
"2","4","07B","1DIG07B","SMP","B2"
"4","5","07B","1DIG07B","SMP","B2"
"7","6","07B","1DIG07B","SMP","B2"
"8","6","07B","1DIG07B","SMP","B2"
"10","6","07B","1DIG07B","SMP","B2"
"5","3","07B","1ART07B","SCO","T3"
"5","4","07B","1ART07B","SCO","T3"
"6","5","07B","1ART07B","SCO","T6"
"6","6","07B","1ART07B","SCO","T6"
"9","5","07B","1ART07B","SCO","T6"
"9","6","07B","1ART07B","SCO","T6"
"1","4","07B","1PCR07B","ADF","B2"
"6","4","07B","1PCR07B","ADF","B2"
"3","1","07C","1ENG07C","VOU","B6"
"3","2","07C","1ENG07C","VOU","B6"
"4","2","07C","1ENG07C","VOU","B6"
"5","4","07C","1ENG07C","VOU","LIB1"
"5","5","07C","1ENG07C","VOU","B6"
"7","6","07C","1ENG07C","VOU","B6"
"9","5","07C","1ENG07C","VOU","B6"
"9","6","07C","1ENG07C","VOU","B6"
"10","5","07C","1ENG07C","VOU","B6"
"1","1","07C","1HUM07C","KEJ","B6"
"2","5","07C","1HUM07C","KEJ","B6"
"2","6","07C","1HUM07C","KEJ","B6"
"3","4","07C","1HUM07C","KEJ","B6"
"6","1","07C","1HUM07C","KEJ","B6"
"7","5","07C","1HUM07C","KEJ","B6"
"8","3","07C","1HUM07C","KEJ","B6"
"1","3","07C","1MTH07C","ZAH","B6"
"2","1","07C","1MTH07C","ZAH","B6"
"3","3","07C","1MTH07C","ZAH","B6"
"5","1","07C","1MTH07C","ZAH","B6"
"6","3","07C","1MTH07C","ZAH","B6"
"7","1","07C","1MTH07C","ZAH","B6"
"8","4","07C","1MTH07C","ZAH","B6"
"9","2","07C","1MTH07C","ZAH","B6"
"10","4","07C","1MTH07C","ZAH","B6"
"2","3","07C","1SCI07C","PGE","S4"
"2","4","07C","1SCI07C","PGE","S4"
"5","6","07C","1SCI07C","PGE","S4"
"7","3","07C","1SCI07C","PGE","S4"
"7","4","07C","1SCI07C","PGE","S4"
"8","5","07C","1SCI07C","PGE","S4"
"10","6","07C","1SCI07C","PGE","S4"
"1","2","07C","1LAN07C","FEL","B6"
"4","1","07C","1LAN07C","FEL","B6"
"5","3","07C","1LAN07C","FEL","B6"
"6","2","07C","1LAN07C","FEL","B6"
"9","1","07C","1LAN07C","FEL","B6"
"10","3","07C","1LAN07C","FEL","B6"
"1","5","07C","1PED07C","ANM","GYM1"
"1","6","07C","1PED07C","ANM","GYM1"
"8","1","07C","1PED07C","ANM","GYM1"
"8","2","07C","1PED07C","ANM","GYM1"
"4","5","07C","1HEC07C","OHA","T1"
"4","6","07C","1HEC07C","OHA","T1"
"6","5","07C","1HEC07C","OHA","T1"
"6","6","07C","1HEC07C","OHA","T1"
"10","1","07C","1HEC07C","OHA","T1"
"10","2","07C","1HEC07C","OHA","T1"
"2","2","07C","1MUS07C","MAR","PA6"
"5","2","07C","1MUS07C","MAR","PA6"
"7","2","07C","1MUS07C","MAR","PA6"
"3","5","07C","1DRA07C","KNO","PA4"
"3","6","07C","1DRA07C","KNO","PA4"
"8","6","07C","1DRA07C","KNO","PA4"
"1","4","07C","1PCR07C","MAR","B6"
"6","4","07C","1PCR07C","MAR","B6"
"1","3","07D","1ENG07D","MCI","B7"
"2","4","07D","1ENG07D","MCI","B7"
"4","3","07D","1ENG07D","MCI","B7"
"5","1","07D","1ENG07D","MCI","B7"
"6","3","07D","1ENG07D","MCI","LIB1"
"8","2","07D","1ENG07D","MCI","B7"
"9","2","07D","1ENG07D","MCI","B7"
"10","2","07D","1ENG07D","MCI","B7"
"10","3","07D","1ENG07D","MCI","B7"
"1","2","07D","1HUM07D","DYL","B7"
"4","5","07D","1HUM07D","DYL","B7"
"4","6","07D","1HUM07D","DYL","B7"
"7","3","07D","1HUM07D","DYL","B7"
"7","4","07D","1HUM07D","DYL","B7"
"9","5","07D","1HUM07D","DYL","B7"
"10","6","07D","1HUM07D","DYL","B7"
"1","1","07D","1MTH07D","MAN","B7"
"1","6","07D","1MTH07D","MAN","B7"
"2","1","07D","1MTH07D","MAN","B7"
"3","3","07D","1MTH07D","MAN","B7"
"3","4","07D","1MTH07D","MAN","B7"
"6","1","07D","1MTH07D","MAN","B7"
"6","6","07D","1MTH07D","MAN","B7"
"7","1","07D","1MTH07D","MAN","B7"
"8","4","07D","1MTH07D","MAN","B7"
"2","2","07D","1SCI07D","CDA","S6"
"4","1","07D","1SCI07D","CDA","S6"
"4","2","07D","1SCI07D","CDA","S6"
"8","5","07D","1SCI07D","CDA","S6"
"8","6","07D","1SCI07D","CDA","S6"
"9","6","07D","1SCI07D","CDA","S6"
"10","4","07D","1SCI07D","CDA","S5"
"2","5","07D","1PED07D","MLM","GYM2"
"2","6","07D","1PED07D","MLM","GYM2"
"7","5","07D","1PED07D","MLM","GYM1"
"7","6","07D","1PED07D","MLM","GYM1"
"3","2","07D","1HHD07D","MLM","B7"
"5","2","07D","1HHD07D","MLM","B7"
"6","2","07D","1HHD07D","MLM","B7"
"7","2","07D","1HHD07D","MLM","B7"
"2","3","07D","1DIG07D","SMP","B7"
"4","4","07D","1DIG07D","SMP","B7"
"5","6","07D","1DIG07D","SMP","B7"
"8","1","07D","1DIG07D","SMP","B7"
"9","1","07D","1DIG07D","SMP","B7"
"10","1","07D","1DIG07D","SMP","B7"
"3","5","07D","1ART07D","FEJ","T6"
"3","6","07D","1ART07D","FEJ","T6"
"5","3","07D","1ART07D","FEJ","T6"
"5","4","07D","1ART07D","FEJ","T6"
"9","3","07D","1ART07D","FEJ","T6"
"9","4","07D","1ART07D","FEJ","T6"
"1","4","07D","1PCR07D","CDA","B7"
"6","4","07D","1PCR07D","CDA","B7"
"1","6","07E","1ENG07E","KNO","B3"
"3","3","07E","1ENG07E","KNO","B3"
"3","4","07E","1ENG07E","KNO","B3"
"4","2","07E","1ENG07E","KNO","B3"
"5","2","07E","1ENG07E","KNO","B3"
"6","6","07E","1ENG07E","KNO","LIB1"
"8","4","07E","1ENG07E","KNO","B3"
"9","4","07E","1ENG07E","KNO","B3"
"9","5","07E","1ENG07E","KNO","B3"
"1","1","07E","1HUM07E","ZHK","B3"
"1","2","07E","1HUM07E","ZHK","B3"
"2","5","07E","1HUM07E","ZHK","B3"
"4","1","07E","1HUM07E","ZHK","B3"
"6","5","07E","1HUM07E","ZHK","B3"
"8","6","07E","1HUM07E","ZHK","B3"
"9","3","07E","1HUM07E","ZHK","B3"
"2","3","07E","1MTH07E","CKS","B3"
"3","2","07E","1MTH07E","CKS","B3"
"4","5","07E","1MTH07E","CKS","B3"
"5","5","07E","1MTH07E","CKS","B3"
"6","3","07E","1MTH07E","CKS","B3"
"7","3","07E","1MTH07E","CKS","B3"
"8","1","07E","1MTH07E","CKS","B3"
"9","6","07E","1MTH07E","CKS","B3"
"10","6","07E","1MTH07E","CKS","B3"
"1","3","07E","1SCI07E","CDA","S1"
"4","3","07E","1SCI07E","CDA","S3"
"4","4","07E","1SCI07E","CDA","S3"
"5","1","07E","1SCI07E","CDA","S3"
"8","3","07E","1SCI07E","CDA","S2"
"9","1","07E","1SCI07E","CDA","S4"
"9","2","07E","1SCI07E","CDA","S4"
"1","5","07E","1LAN07E","CLA","TC4"
"2","2","07E","1LAN07E","CLA","TC4"
"2","6","07E","1LAN07E","CLA","TC4"
"7","5","07E","1LAN07E","CLA","TC4"
"8","5","07E","1LAN07E","CLA","TC4"
"10","5","07E","1LAN07E","CLA","TC4"
"5","3","07E","1PED07E","BML","GYM2"
"5","4","07E","1PED07E","BML","GYM2"
"10","1","07E","1PED07E","BML","GYM2"
"10","2","07E","1PED07E","BML","GYM2"
"2","1","07E","1HHD07E","OHA","B3"
"3","1","07E","1HHD07E","OHA","B3"
"7","6","07E","1HHD07E","OHA","B3"
"8","2","07E","1HHD07E","OHA","B3"
"3","5","07E","1HEC07E","FIT","T1"
"3","6","07E","1HEC07E","FIT","T1"
"6","1","07E","1HEC07E","FIT","T1"
"6","2","07E","1HEC07E","FIT","T1"
"7","1","07E","1HEC07E","FIT","T1"
"7","2","07E","1HEC07E","FIT","T1"
"2","4","07E","1MUS07E","MAR","PA6"
"5","6","07E","1MUS07E","MAR","PA6"
"7","4","07E","1MUS07E","MAR","PA6"
"4","6","07E","1DRA07E","HIN","PA4"
"10","3","07E","1DRA07E","HIN","PA4"
"10","4","07E","1DRA07E","HIN","PA4"
"1","4","07E","1PCR07E","OHA","B3"
"6","4","07E","1PCR07E","OHA","B3"
"5","1","LATESUP","1LATE01A","PAL","VCESTUDY"
"8","1","LATESUP","1LATE01A","PAL","VCESTUDY"
"2","1","LATESUP","1LATE01A","SCO","VCESTUDY"
"3","1","LATESUP","1LATE01A","SCO","VCESTUDY"
"4","1","LATESUP","1LATE01A","SCO","VCESTUDY"
"7","1","LATESUP","1LATE01A","RIC","VCESTUDY"
"10","1","LATESUP","1LATE01A","RIC","VCESTUDY"
"6","1","LATESUP","1LATE01A","OBR","VCESTUDY"
"1","1","LATESUP","1LATE01A","RIG","VCESTUDY"
"9","1","LATESUP","1LATE01A","SPK","VCESTUDY"
